Workbook

Sheet JANUARY 10, 2026
B1: TOTAL PRICE OF ITEMS: | C1: =SUM('JANUARY 10, 2026'!$G$4:$G$1189) -> 0 | D1: HIGHEST PRICE: | E1: =MAX('JANUARY 10, 2026'!$G$4:$G$1189) -> 0 | F1: NUMBER OF ITEMS | G1: =COUNT('JANUARY 10, 2026'!$G$4:$G$1189) -> 0 | I1: =CONCATENATE("P"," ",SUMIF('JANUARY 10, 2026'!$E$4:$E$1189,H1,'JANUARY 10, 2026'!$G$4:$G$1189)) -> P 0 | J1: =CONCATENATE(COUNTIF('JANUARY 10, 2026'!$E$4:$E$1189,H1)," ","PCS") -> 0 PCS | L1: =COUNT(L4:L1079) -> 0
D2: MONITORING
A3: 1 | B3: BARCODE | C3: CONTROL # | D3: DESCRIPTION | E3: BIDDER # | F3: QTY | G3: PRICE | H3: MANIFEST NUMBER | I3: REMARKS | J3: DATE | K3: REFUND | L3: BIDDERS
A4: =LEFT('JANUARY 10, 2026'!$E9,FIND("-",'JANUARY 10, 2026'!$E9&"-")-1)
A5: =LEFT('JANUARY 10, 2026'!$E10,FIND("-",'JANUARY 10, 2026'!$E10&"-")-1)
A6: =LEFT('JANUARY 10, 2026'!$E125,FIND("-",'JANUARY 10, 2026'!$E125&"-")-1)
A7: =LEFT('JANUARY 10, 2026'!#REF!,FIND("-",'JANUARY 10, 2026'!#REF!&"-")-1) -> #ERROR!
A8: =LEFT('JANUARY 10, 2026'!$E5,FIND("-",'JANUARY 10, 2026'!$E5&"-")-1)
A9: =LEFT('JANUARY 10, 2026'!$E6,FIND("-",'JANUARY 10, 2026'!$E6&"-")-1)
A10: =LEFT('JANUARY 10, 2026'!#REF!,FIND("-",'JANUARY 10, 2026'!#REF!&"-")-1) -> #ERROR!
A11: =LEFT('JANUARY 10, 2026'!$E7,FIND("-",'JANUARY 10, 2026'!$E7&"-")-1)
A12: =LEFT('JANUARY 10, 2026'!$E8,FIND("-",'JANUARY 10, 2026'!$E8&"-")-1)
A13: =LEFT('JANUARY 10, 2026'!$E11,FIND("-",'JANUARY 10, 2026'!$E11&"-")-1)
A14: =LEFT('JANUARY 10, 2026'!$E12,FIND("-",'JANUARY 10, 2026'!$E12&"-")-1)
A15: =LEFT('JANUARY 10, 2026'!$E13,FIND("-",'JANUARY 10, 2026'!$E13&"-")-1)
A16: =LEFT('JANUARY 10, 2026'!$E14,FIND("-",'JANUARY 10, 2026'!$E14&"-")-1)
A17: =LEFT('JANUARY 10, 2026'!$E15,FIND("-",'JANUARY 10, 2026'!$E15&"-")-1)
A18: =LEFT('JANUARY 10, 2026'!$E16,FIND("-",'JANUARY 10, 2026'!$E16&"-")-1)
A19: =LEFT('JANUARY 10, 2026'!$E17,FIND("-",'JANUARY 10, 2026'!$E17&"-")-1)
A20: =LEFT('JANUARY 10, 2026'!$E18,FIND("-",'JANUARY 10, 2026'!$E18&"-")-1)
A21: =LEFT('JANUARY 10, 2026'!$E19,FIND("-",'JANUARY 10, 2026'!$E19&"-")-1)
A22: =LEFT('JANUARY 10, 2026'!$E20,FIND("-",'JANUARY 10, 2026'!$E20&"-")-1)
A23: =LEFT('JANUARY 10, 2026'!$E21,FIND("-",'JANUARY 10, 2026'!$E21&"-")-1)
A24: =LEFT('JANUARY 10, 2026'!$E22,FIND("-",'JANUARY 10, 2026'!$E22&"-")-1)
... A126: =LEFT('JANUARY 10, 2026'!$E124,FIND("-",'JANUARY 10, 2026'!$E124&"-")-1)
A127: =LEFT('JANUARY 10, 2026'!$E126,FIND("-",'JANUARY 10, 2026'!$E126&"-")-1)
A128: =LEFT('JANUARY 10, 2026'!$E4,FIND("-",'JANUARY 10, 2026'!$E4&"-")-1)
A129: =LEFT('JANUARY 10, 2026'!$E128,FIND("-",'JANUARY 10, 2026'!$E128&"-")-1)
A130: =LEFT('JANUARY 10, 2026'!$E129,FIND("-",'JANUARY 10, 2026'!$E129&"-")-1)
A131: =LEFT('JANUARY 10, 2026'!$E130,FIND("-",'JANUARY 10, 2026'!$E130&"-")-1)
A132: =LEFT('JANUARY 10, 2026'!$E131,FIND("-",'JANUARY 10, 2026'!$E131&"-")-1)
A133: =LEFT('JANUARY 10, 2026'!$E132,FIND("-",'JANUARY 10, 2026'!$E132&"-")-1)
A134: =LEFT('JANUARY 10, 2026'!$E133,FIND("-",'JANUARY 10, 2026'!$E133&"-")-1)
A294: =LEFT('[1]DECEMBER 13, 2025'!$E86,FIND("-",'[1]DECEMBER 13, 2025'!$E86&"-")-1) -> #REF!
A295: =LEFT('[1]DECEMBER 13, 2025'!$E87,FIND("-",'[1]DECEMBER 13, 2025'!$E87&"-")-1) -> #REF!
A296: =LEFT('[1]DECEMBER 13, 2025'!$E88,FIND("-",'[1]DECEMBER 13, 2025'!$E88&"-")-1) -> #REF!
A297: =LEFT('[1]DECEMBER 13, 2025'!$E89,FIND("-",'[1]DECEMBER 13, 2025'!$E89&"-")-1) -> #REF!
A298: =LEFT('[1]DECEMBER 13, 2025'!$E90,FIND("-",'[1]DECEMBER 13, 2025'!$E90&"-")-1) -> #REF!
A299: =LEFT('[1]DECEMBER 13, 2025'!$E91,FIND("-",'[1]DECEMBER 13, 2025'!$E91&"-")-1) -> #REF!
A300: =LEFT('[1]DECEMBER 13, 2025'!$E92,FIND("-",'[1]DECEMBER 13, 2025'!$E92&"-")-1) -> #REF!
A301: =LEFT('[1]DECEMBER 13, 2025'!$E93,FIND("-",'[1]DECEMBER 13, 2025'!$E93&"-")-1) -> #REF!
A302: =LEFT('[1]DECEMBER 13, 2025'!$E94,FIND("-",'[1]DECEMBER 13, 2025'!$E94&"-")-1) -> #REF!
A303: =LEFT('[1]DECEMBER 13, 2025'!$E95,FIND("-",'[1]DECEMBER 13, 2025'!$E95&"-")-1) -> #REF!
A304: =LEFT('[1]DECEMBER 13, 2025'!$E96,FIND("-",'[1]DECEMBER 13, 2025'!$E96&"-")-1) -> #REF!
A305: =LEFT('[1]DECEMBER 13, 2025'!$E97,FIND("-",'[1]DECEMBER 13, 2025'!$E97&"-")-1) -> #REF!
... A343: =LEFT('[1]DECEMBER 13, 2025'!$E135,FIND("-",'[1]DECEMBER 13, 2025'!$E135&"-")-1) -> #REF!
A344: 37425
A345: =LEFT('[1]DECEMBER 13, 2025'!$E137,FIND("-",'[1]DECEMBER 13, 2025'!$E137&"-")-1) -> #REF!
A346: =LEFT('[1]DECEMBER 13, 2025'!$E138,FIND("-",'[1]DECEMBER 13, 2025'!$E138&"-")-1) -> #REF!
A347: =LEFT('[1]DECEMBER 13, 2025'!$E139,FIND("-",'[1]DECEMBER 13, 2025'!$E139&"-")-1) -> #REF!
A348: =LEFT('[1]DECEMBER 13, 2025'!$E140,FIND("-",'[1]DECEMBER 13, 2025'!$E140&"-")-1) -> #REF!
A349: =LEFT('[1]DECEMBER 13, 2025'!$E141,FIND("-",'[1]DECEMBER 13, 2025'!$E141&"-")-1) -> #REF!
A350: =LEFT('[1]DECEMBER 13, 2025'!$E142,FIND("-",'[1]DECEMBER 13, 2025'!$E142&"-")-1) -> #REF!
A351: =LEFT('[1]DECEMBER 13, 2025'!$E143,FIND("-",'[1]DECEMBER 13, 2025'!$E143&"-")-1) -> #REF!
A352: =LEFT('[1]DECEMBER 13, 2025'!$E144,FIND("-",'[1]DECEMBER 13, 2025'!$E144&"-")-1) -> #REF!
A353: =LEFT('[1]DECEMBER 13, 2025'!$E145,FIND("-",'[1]DECEMBER 13, 2025'!$E145&"-")-1) -> #REF!
A354: =LEFT('[1]DECEMBER 13, 2025'!$E146,FIND("-",'[1]DECEMBER 13, 2025'!$E146&"-")-1) -> #REF!
A355: =LEFT('[1]DECEMBER 13, 2025'!$E147,FIND("-",'[1]DECEMBER 13, 2025'!$E147&"-")-1) -> #REF!
A356: =LEFT('[1]DECEMBER 13, 2025'!$E148,FIND("-",'[1]DECEMBER 13, 2025'!$E148&"-")-1) -> #REF!
... A469: =LEFT('[1]DECEMBER 13, 2025'!$E261,FIND("-",'[1]DECEMBER 13, 2025'!$E261&"-")-1) -> #REF!
A470: =LEFT('JANUARY 10, 2026'!$E470,FIND("-",'JANUARY 10, 2026'!$E470&"-")-1)
A471: =LEFT('JANUARY 10, 2026'!$E471,FIND("-",'JANUARY 10, 2026'!$E471&"-")-1)
A472: =LEFT('JANUARY 10, 2026'!$E472,FIND("-",'JANUARY 10, 2026'!$E472&"-")-1)
A473: =LEFT('JANUARY 10, 2026'!$E473,FIND("-",'JANUARY 10, 2026'!$E473&"-")-1)
A474: =LEFT('JANUARY 10, 2026'!$E474,FIND("-",'JANUARY 10, 2026'!$E474&"-")-1)
A475: =LEFT('JANUARY 10, 2026'!$E475,FIND("-",'JANUARY 10, 2026'!$E475&"-")-1)
A476: =LEFT('JANUARY 10, 2026'!$E476,FIND("-",'JANUARY 10, 2026'!$E476&"-")-1)
A477: =LEFT('JANUARY 10, 2026'!$E477,FIND("-",'JANUARY 10, 2026'!$E477&"-")-1)
A478: =LEFT('JANUARY 10, 2026'!$E478,FIND("-",'JANUARY 10, 2026'!$E478&"-")-1)
A479: =LEFT('JANUARY 10, 2026'!$E479,FIND("-",'JANUARY 10, 2026'!$E479&"-")-1)
A480: =LEFT('JANUARY 10, 2026'!$E480,FIND("-",'JANUARY 10, 2026'!$E480&"-")-1)
A481: =LEFT('JANUARY 10, 2026'!$E481,FIND("-",'JANUARY 10, 2026'!$E481&"-")-1)
... A1189: =LEFT('JANUARY 10, 2026'!$E1189,FIND("-",'JANUARY 10, 2026'!$E1189&"-")-1)

Sheet BIÑAN INFO
A1: BIDDER NUMBER | D1: BIDDER INFORMATION | I1: 0.05 | J1: REGISTRATION
A2: PALA-PALA BRANCH | B2: BIÑAN BRANCH | C2: BACOOR BRANCH | D2: FULL NAME | E2: FIRST NAME | F2: MIDDLE NAME | G2: LAST NAME | H2: INITIALS / OTHERS | I2: 12% | J2: FEE | K2: DOCUMENTS SUBMITTED | L2: MONTH | M2: EXPIRED DATE | N2: REMARKS
B3: 0 | D3: =CONCATENATE(PROPER('BIÑAN INFO'!$G3),", ",PROPER('BIÑAN INFO'!$E3)," ",PROPER('BIÑAN INFO'!$F3),"."," (",UPPER('BIÑAN INFO'!$H3),")") -> Biñan, Ren-A-Mark . () | E3: REN-A-MARK | G3: BIÑAN | I3: 0
B4: 1 | D4: =CONCATENATE(PROPER('BIÑAN INFO'!$G4),", ",PROPER('BIÑAN INFO'!$E4)," ",PROPER('BIÑAN INFO'!$F4),"."," (",UPPER('BIÑAN INFO'!$H4),")") -> , . () | I4: 0.12 | J4: 1000
B5: 2 | D5: =CONCATENATE(PROPER('BIÑAN INFO'!$G5),", ",PROPER('BIÑAN INFO'!$E5)," ",PROPER('BIÑAN INFO'!$F5),"."," (",UPPER('BIÑAN INFO'!$H5),")") -> , . () | I5: 0.05 | J5: 1000
B6: 3 | D6: =CONCATENATE(PROPER('BIÑAN INFO'!$G6),", ",PROPER('BIÑAN INFO'!$E6)," ",PROPER('BIÑAN INFO'!$F6),"."," (",UPPER('BIÑAN INFO'!$H6),")") -> , . () | I6: 0.12 | J6: 1000
B7: 7 | D7: =CONCATENATE(PROPER('BIÑAN INFO'!$G7),", ",PROPER('BIÑAN INFO'!$E7)," ",PROPER('BIÑAN INFO'!$F7),"."," (",UPPER('BIÑAN INFO'!$H7),")") -> , . () | I7: 0.05 | J7: 1000 | M7: 2021
B8: 8 | D8: =CONCATENATE(PROPER('BIÑAN INFO'!$G8),", ",PROPER('BIÑAN INFO'!$E8)," ",PROPER('BIÑAN INFO'!$F8),"."," (",UPPER('BIÑAN INFO'!$H8),")") -> Mabeza, Joana . () | E8: JOANA | G8: MABEZA | I8: 0.05 | J8: 1000
B9: 9 | D9: =CONCATENATE(PROPER('BIÑAN INFO'!$G9),", ",PROPER('BIÑAN INFO'!$E9)," ",PROPER('BIÑAN INFO'!$F9),"."," (",UPPER('BIÑAN INFO'!$H9),")") -> , . () | I9: 0.12 | J9: 1000
B10: 10 | D10: =CONCATENATE(PROPER('BIÑAN INFO'!$G10),", ",PROPER('BIÑAN INFO'!$E10)," ",PROPER('BIÑAN INFO'!$F10),"."," (",UPPER('BIÑAN INFO'!$H10),")") -> Bedia, Edward . () | E10: EDWARD | G10: BEDIA | I10: 0.12 | J10: 1000
B11: 11 | D11: =CONCATENATE(PROPER('BIÑAN INFO'!$G11),", ",PROPER('BIÑAN INFO'!$E11)," ",PROPER('BIÑAN INFO'!$F11),"."," (",UPPER('BIÑAN INFO'!$H11),")") -> , . () | I11: 0.12 | J11: 1000
B12: 12 | D12: =CONCATENATE(PROPER('BIÑAN INFO'!$G12),", ",PROPER('BIÑAN INFO'!$E12)," ",PROPER('BIÑAN INFO'!$F12),"."," (",UPPER('BIÑAN INFO'!$H12),")") -> , . () | I12: 0.12 | J12: 1000
B13: 13 | D13: =CONCATENATE(PROPER('BIÑAN INFO'!$G13),", ",PROPER('BIÑAN INFO'!$E13)," ",PROPER('BIÑAN INFO'!$F13),"."," (",UPPER('BIÑAN INFO'!$H13),")") -> Bascon, Michael . () | E13: MICHAEL | G13: BASCON | I13: 0.12 | J13: 1000
B14: 14 | D14: =CONCATENATE(PROPER('BIÑAN INFO'!$G14),", ",PROPER('BIÑAN INFO'!$E14)," ",PROPER('BIÑAN INFO'!$F14),"."," (",UPPER('BIÑAN INFO'!$H14),")") -> Yatco, Neptaly . () | E14: NEPTALY | G14: YATCO | I14: 0.05 | J14: 1000
B15: 15 | D15: =CONCATENATE(PROPER('BIÑAN INFO'!$G15),", ",PROPER('BIÑAN INFO'!$E15)," ",PROPER('BIÑAN INFO'!$F15),"."," (",UPPER('BIÑAN INFO'!$H15),")") -> , . () | I15: 0.12 | J15: 1000
B16: 16 | D16: =CONCATENATE(PROPER('BIÑAN INFO'!$G16),", ",PROPER('BIÑAN INFO'!$E16)," ",PROPER('BIÑAN INFO'!$F16),"."," (",UPPER('BIÑAN INFO'!$H16),")") -> , . () | I16: 0.12 | J16: 1000
B17: 17 | D17: =CONCATENATE(PROPER('BIÑAN INFO'!$G17),", ",PROPER('BIÑAN INFO'!$E17)," ",PROPER('BIÑAN INFO'!$F17),"."," (",UPPER('BIÑAN INFO'!$H17),")") -> , . () | I17: 0.12 | J17: 1000
B18: 18 | D18: =CONCATENATE(PROPER('BIÑAN INFO'!$G18),", ",PROPER('BIÑAN INFO'!$E18)," ",PROPER('BIÑAN INFO'!$F18),"."," (",UPPER('BIÑAN INFO'!$H18),")") -> , . () | I18: 0.12 | J18: 1000
B19: 19 | D19: =CONCATENATE(PROPER('BIÑAN INFO'!$G19),", ",PROPER('BIÑAN INFO'!$E19)," ",PROPER('BIÑAN INFO'!$F19),"."," (",UPPER('BIÑAN INFO'!$H19),")") -> Cano, Rosemarie . () | E19: ROSEMARIE | G19: CANO | I19: 0.05 | J19: 1000
B20: 20 | D20: =CONCATENATE(PROPER('BIÑAN INFO'!$G20),", ",PROPER('BIÑAN INFO'!$E20)," ",PROPER('BIÑAN INFO'!$F20),"."," (",UPPER('BIÑAN INFO'!$H20),")") -> Malayan, Sonny . () | E20: SONNY | G20: MALAYAN | I20: 0.12 | J20: 1000
B21: 21 | D21: =CONCATENATE(PROPER('BIÑAN INFO'!$G21),", ",PROPER('BIÑAN INFO'!$E21)," ",PROPER('BIÑAN INFO'!$F21),"."," (",UPPER('BIÑAN INFO'!$H21),")") -> , . () | I21: 0.12 | J21: 1000
B22: 22 | D22: =CONCATENATE(PROPER('BIÑAN INFO'!$G22),", ",PROPER('BIÑAN INFO'!$E22)," ",PROPER('BIÑAN INFO'!$F22),"."," (",UPPER('BIÑAN INFO'!$H22),")") -> , . () | I22: 0.12 | J22: 1000
B23: 23 | D23: =CONCATENATE(PROPER('BIÑAN INFO'!$G23),", ",PROPER('BIÑAN INFO'!$E23)," ",PROPER('BIÑAN INFO'!$F23),"."," (",UPPER('BIÑAN INFO'!$H23),")") -> , . () | I23: 0.12 | J23: 1000
B24: 24 | D24: =CONCATENATE(PROPER('BIÑAN INFO'!$G24),", ",PROPER('BIÑAN INFO'!$E24)," ",PROPER('BIÑAN INFO'!$F24),"."," (",UPPER('BIÑAN INFO'!$H24),")") -> , . () | I24: 0.12 | J24: 1000
B25: 25 | D25: =CONCATENATE(PROPER('BIÑAN INFO'!$G25),", ",PROPER('BIÑAN INFO'!$E25)," ",PROPER('BIÑAN INFO'!$F25),"."," (",UPPER('BIÑAN INFO'!$H25),")") -> , . () | I25: 0.12 | J25: 1000
B26: 26 | D26: =CONCATENATE(PROPER('BIÑAN INFO'!$G26),", ",PROPER('BIÑAN INFO'!$E26)," ",PROPER('BIÑAN INFO'!$F26),"."," (",UPPER('BIÑAN INFO'!$H26),")") -> Banes, Irene . () | E26: IRENE | G26: BANES | I26: 0.12 | J26: 1000
B27: 27 | D27: =CONCATENATE(PROPER('BIÑAN INFO'!$G27),", ",PROPER('BIÑAN INFO'!$E27)," ",PROPER('BIÑAN INFO'!$F27),"."," (",UPPER('BIÑAN INFO'!$H27),")") -> , . () | I27: 0.12 | J27: 1000
B28: 28 | D28: =CONCATENATE(PROPER('BIÑAN INFO'!$G28),", ",PROPER('BIÑAN INFO'!$E28)," ",PROPER('BIÑAN INFO'!$F28),"."," (",UPPER('BIÑAN INFO'!$H28),")") -> , . () | I28: 0.12 | J28: 1000
B29: 29 | D29: =CONCATENATE(PROPER('BIÑAN INFO'!$G29),", ",PROPER('BIÑAN INFO'!$E29)," ",PROPER('BIÑAN INFO'!$F29),"."," (",UPPER('BIÑAN INFO'!$H29),")") -> , . () | I29: 0.12 | J29: 1000
B30: 30 | D30: =CONCATENATE(PROPER('BIÑAN INFO'!$G30),", ",PROPER('BIÑAN INFO'!$E30)," ",PROPER('BIÑAN INFO'!$F30),"."," (",UPPER('BIÑAN INFO'!$H30),")") -> , . () | I30: 0.12 | J30: 1000
B31: 31 | D31: =CONCATENATE(PROPER('BIÑAN INFO'!$G31),", ",PROPER('BIÑAN INFO'!$E31)," ",PROPER('BIÑAN INFO'!$F31),"."," (",UPPER('BIÑAN INFO'!$H31),")") -> , . () | I31: 0.12 | J31: 1000
B32: 32 | D32: =CONCATENATE(PROPER('BIÑAN INFO'!$G32),", ",PROPER('BIÑAN INFO'!$E32)," ",PROPER('BIÑAN INFO'!$F32),"."," (",UPPER('BIÑAN INFO'!$H32),")") -> Villadiego, Ma. Lourdes . () | E32: MA. LOURDES | G32: VILLADIEGO | I32: 0.05 | J32: 1000 | K32: DTI
B33: 33 | D33: =CONCATENATE(PROPER('BIÑAN INFO'!$G33),", ",PROPER('BIÑAN INFO'!$E33)," ",PROPER('BIÑAN INFO'!$F33),"."," (",UPPER('BIÑAN INFO'!$H33),")") -> , . () | I33: 0.12 | J33: 1000
B34: 34 | D34: =CONCATENATE(PROPER('BIÑAN INFO'!$G34),", ",PROPER('BIÑAN INFO'!$E34)," ",PROPER('BIÑAN INFO'!$F34),"."," (",UPPER('BIÑAN INFO'!$H34),")") -> , . () | I34: 0.12 | J34: 1000
B35: 35 | D35: =CONCATENATE(PROPER('BIÑAN INFO'!$G35),", ",PROPER('BIÑAN INFO'!$E35)," ",PROPER('BIÑAN INFO'!$F35),"."," (",UPPER('BIÑAN INFO'!$H35),")") -> , . () | I35: 0.12 | J35: 1000
B36: 36 | D36: =CONCATENATE(PROPER('BIÑAN INFO'!$G36),", ",PROPER('BIÑAN INFO'!$E36)," ",PROPER('BIÑAN INFO'!$F36),"."," (",UPPER('BIÑAN INFO'!$H36),")") -> , . () | I36: 0.12 | J36: 1000
B37: 37 | D37: =CONCATENATE(PROPER('BIÑAN INFO'!$G37),", ",PROPER('BIÑAN INFO'!$E37)," ",PROPER('BIÑAN INFO'!$F37),"."," (",UPPER('BIÑAN INFO'!$H37),")") -> , . () | I37: 0.12 | J37: 1000
B38: 38 | D38: =CONCATENATE(PROPER('BIÑAN INFO'!$G38),", ",PROPER('BIÑAN INFO'!$E38)," ",PROPER('BIÑAN INFO'!$F38),"."," (",UPPER('BIÑAN INFO'!$H38),")") -> Lorenzana, Naneth . () | E38: NANETH | G38: LORENZANA | I38: 0.05 | J38: 1000
B39: 39 | D39: =CONCATENATE(PROPER('BIÑAN INFO'!$G39),", ",PROPER('BIÑAN INFO'!$E39)," ",PROPER('BIÑAN INFO'!$F39),"."," (",UPPER('BIÑAN INFO'!$H39),")") -> , . () | I39: 0.12 | J39: 1000
B40: 40 | D40: =CONCATENATE(PROPER('BIÑAN INFO'!$G40),", ",PROPER('BIÑAN INFO'!$E40)," ",PROPER('BIÑAN INFO'!$F40),"."," (",UPPER('BIÑAN INFO'!$H40),")") -> , . () | I40: 0.12 | J40: 1000
B41: 41 | D41: =CONCATENATE(PROPER('BIÑAN INFO'!$G41),", ",PROPER('BIÑAN INFO'!$E41)," ",PROPER('BIÑAN INFO'!$F41),"."," (",UPPER('BIÑAN INFO'!$H41),")") -> Almenanza, Rodolfo . () | E41: RODOLFO | G41: ALMENANZA | I41: 0.12 | J41: 1000
B42: 42 | D42: =CONCATENATE(PROPER('BIÑAN INFO'!$G42),", ",PROPER('BIÑAN INFO'!$E42)," ",PROPER('BIÑAN INFO'!$F42),"."," (",UPPER('BIÑAN INFO'!$H42),")") -> Bermudo, Lenny . () | E42: LENNY | G42: BERMUDO | I42: 0.05 | J42: 1000 | K42: DTI
B43: 43 | D43: =CONCATENATE(PROPER('BIÑAN INFO'!$G43),", ",PROPER('BIÑAN INFO'!$E43)," ",PROPER('BIÑAN INFO'!$F43),"."," (",UPPER('BIÑAN INFO'!$H43),")") -> , . () | I43: 0.12 | J43: 1000
B44: 44 | D44: =CONCATENATE(PROPER('BIÑAN INFO'!$G44),", ",PROPER('BIÑAN INFO'!$E44)," ",PROPER('BIÑAN INFO'!$F44),"."," (",UPPER('BIÑAN INFO'!$H44),")") -> Bermudo, Jivan . () | E44: JIVAN | G44: BERMUDO | I44: 0.05 | J44: 1000
B45: 45 | D45: =CONCATENATE(PROPER('BIÑAN INFO'!$G45),", ",PROPER('BIÑAN INFO'!$E45)," ",PROPER('BIÑAN INFO'!$F45),"."," (",UPPER('BIÑAN INFO'!$H45),")") -> , . () | I45: 0.12 | J45: 1000
B46: 46 | D46: =CONCATENATE(PROPER('BIÑAN INFO'!$G46),", ",PROPER('BIÑAN INFO'!$E46)," ",PROPER('BIÑAN INFO'!$F46),"."," (",UPPER('BIÑAN INFO'!$H46),")") -> , . () | I46: 0.12 | J46: 1000
B47: 47 | D47: =CONCATENATE(PROPER('BIÑAN INFO'!$G47),", ",PROPER('BIÑAN INFO'!$E47)," ",PROPER('BIÑAN INFO'!$F47),"."," (",UPPER('BIÑAN INFO'!$H47),")") -> Relingado, Mary Anne . () | E47: MARY ANNE | G47: RELINGADO | I47: 0.05 | J47: 1000
B48: 48 | D48: =CONCATENATE(PROPER('BIÑAN INFO'!$G48),", ",PROPER('BIÑAN INFO'!$E48)," ",PROPER('BIÑAN INFO'!$F48),"."," (",UPPER('BIÑAN INFO'!$H48),")") -> Rosario, Jasmin . () | E48: JASMIN | G48: ROSARIO | I48: 0.05 | J48: 1000
B49: 49 | D49: =CONCATENATE(PROPER('BIÑAN INFO'!$G49),", ",PROPER('BIÑAN INFO'!$E49)," ",PROPER('BIÑAN INFO'!$F49),"."," (",UPPER('BIÑAN INFO'!$H49),")") -> , . () | I49: 0.12 | J49: 1000
B50: 50 | D50: =CONCATENATE(PROPER('BIÑAN INFO'!$G50),", ",PROPER('BIÑAN INFO'!$E50)," ",PROPER('BIÑAN INFO'!$F50),"."," (",UPPER('BIÑAN INFO'!$H50),")") -> , . () | I50: 0.12 | J50: 1000
B51: 51 | D51: =CONCATENATE(PROPER('BIÑAN INFO'!$G51),", ",PROPER('BIÑAN INFO'!$E51)," ",PROPER('BIÑAN INFO'!$F51),"."," (",UPPER('BIÑAN INFO'!$H51),")") -> Alburo, Aldin . () | E51: ALDIN | G51: ALBURO | I51: 0.12 | J51: 1000
B52: 52 | D52: =CONCATENATE(PROPER('BIÑAN INFO'!$G52),", ",PROPER('BIÑAN INFO'!$E52)," ",PROPER('BIÑAN INFO'!$F52),"."," (",UPPER('BIÑAN INFO'!$H52),")") -> , . () | I52: 0.12 | J52: 1000
B53: 53 | D53: =CONCATENATE(PROPER('BIÑAN INFO'!$G53),", ",PROPER('BIÑAN INFO'!$E53)," ",PROPER('BIÑAN INFO'!$F53),"."," (",UPPER('BIÑAN INFO'!$H53),")") -> , . () | I53: 0.12 | J53: 1000
B54: 54 | D54: =CONCATENATE(PROPER('BIÑAN INFO'!$G54),", ",PROPER('BIÑAN INFO'!$E54)," ",PROPER('BIÑAN INFO'!$F54),"."," (",UPPER('BIÑAN INFO'!$H54),")") -> , . () | I54: 0.12 | J54: 1000
B55: 55 | D55: =CONCATENATE(PROPER('BIÑAN INFO'!$G55),", ",PROPER('BIÑAN INFO'!$E55)," ",PROPER('BIÑAN INFO'!$F55),"."," (",UPPER('BIÑAN INFO'!$H55),")") -> , . () | I55: 0.12 | J55: 1000
B56: 56 | D56: =CONCATENATE(PROPER('BIÑAN INFO'!$G56),", ",PROPER('BIÑAN INFO'!$E56)," ",PROPER('BIÑAN INFO'!$F56),"."," (",UPPER('BIÑAN INFO'!$H56),")") -> , . () | I56: 0.12 | J56: 1000
B57: 57 | D57: =CONCATENATE(PROPER('BIÑAN INFO'!$G57),", ",PROPER('BIÑAN INFO'!$E57)," ",PROPER('BIÑAN INFO'!$F57),"."," (",UPPER('BIÑAN INFO'!$H57),")") -> , . () | I57: 0.12 | J57: 1000
B58: 58 | D58: =CONCATENATE(PROPER('BIÑAN INFO'!$G58),", ",PROPER('BIÑAN INFO'!$E58)," ",PROPER('BIÑAN INFO'!$F58),"."," (",UPPER('BIÑAN INFO'!$H58),")") -> Abrasado, Ian . () | E58: IAN | G58: ABRASADO | I58: 0.12 | J58: 1000
B59: 59 | D59: =CONCATENATE(PROPER('BIÑAN INFO'!$G59),", ",PROPER('BIÑAN INFO'!$E59)," ",PROPER('BIÑAN INFO'!$F59),"."," (",UPPER('BIÑAN INFO'!$H59),")") -> , . () | I59: 0.12 | J59: 1000
B60: 60 | D60: =CONCATENATE(PROPER('BIÑAN INFO'!$G60),", ",PROPER('BIÑAN INFO'!$E60)," ",PROPER('BIÑAN INFO'!$F60),"."," (",UPPER('BIÑAN INFO'!$H60),")") -> Burgos, Diosdado . () | E60: DIOSDADO | G60: BURGOS | I60: 0.12 | J60: 1000
B61: 61 | D61: =CONCATENATE(PROPER('BIÑAN INFO'!$G61),", ",PROPER('BIÑAN INFO'!$E61)," ",PROPER('BIÑAN INFO'!$F61),"."," (",UPPER('BIÑAN INFO'!$H61),")") -> , . () | I61: 0.12 | J61: 1000
B62: 62 | D62: =CONCATENATE(PROPER('BIÑAN INFO'!$G62),", ",PROPER('BIÑAN INFO'!$E62)," ",PROPER('BIÑAN INFO'!$F62),"."," (",UPPER('BIÑAN INFO'!$H62),")") -> Bernabe, Orlando . () | E62: ORLANDO | G62: BERNABE | I62: 0.12 | J62: 1000
B63: 63 | D63: =CONCATENATE(PROPER('BIÑAN INFO'!$G63),", ",PROPER('BIÑAN INFO'!$E63)," ",PROPER('BIÑAN INFO'!$F63),"."," (",UPPER('BIÑAN INFO'!$H63),")") -> Rosal, Ana . () | E63: ANA | G63: ROSAL | I63: 0.05 | J63: 1000
B64: 64 | D64: =CONCATENATE(PROPER('BIÑAN INFO'!$G64),", ",PROPER('BIÑAN INFO'!$E64)," ",PROPER('BIÑAN INFO'!$F64),"."," (",UPPER('BIÑAN INFO'!$H64),")") -> Rosal, Anamaria . () | E64: ANAMARIA | G64: ROSAL | I64: 0.05 | J64: 1000
B65: 65 | D65: =CONCATENATE(PROPER('BIÑAN INFO'!$G65),", ",PROPER('BIÑAN INFO'!$E65)," ",PROPER('BIÑAN INFO'!$F65),"."," (",UPPER('BIÑAN INFO'!$H65),")") -> Ramos, Socorro . () | E65: SOCORRO | G65: RAMOS | I65: 0.05 | J65: 1000
B66: 66 | D66: =CONCATENATE(PROPER('BIÑAN INFO'!$G66),", ",PROPER('BIÑAN INFO'!$E66)," ",PROPER('BIÑAN INFO'!$F66),"."," (",UPPER('BIÑAN INFO'!$H66),")") -> Antonio, Nelia . () | E66: NELIA | G66: ANTONIO | I66: 0.12 | J66: 1000
B67: 67 | D67: =CONCATENATE(PROPER('BIÑAN INFO'!$G67),", ",PROPER('BIÑAN INFO'!$E67)," ",PROPER('BIÑAN INFO'!$F67),"."," (",UPPER('BIÑAN INFO'!$H67),")") -> , . () | I67: 0.12 | J67: 1000
B68: 68 | D68: =CONCATENATE(PROPER('BIÑAN INFO'!$G68),", ",PROPER('BIÑAN INFO'!$E68)," ",PROPER('BIÑAN INFO'!$F68),"."," (",UPPER('BIÑAN INFO'!$H68),")") -> , . () | I68: 0.12 | J68: 1000
B69: 69 | D69: =CONCATENATE(PROPER('BIÑAN INFO'!$G69),", ",PROPER('BIÑAN INFO'!$E69)," ",PROPER('BIÑAN INFO'!$F69),"."," (",UPPER('BIÑAN INFO'!$H69),")") -> Alejo, Mark Anthony . () | E69: MARK ANTHONY | G69: ALEJO | I69: 0.12 | J69: 1000
B70: 70 | D70: =CONCATENATE(PROPER('BIÑAN INFO'!$G70),", ",PROPER('BIÑAN INFO'!$E70)," ",PROPER('BIÑAN INFO'!$F70),"."," (",UPPER('BIÑAN INFO'!$H70),")") -> , . () | I70: 0.12 | J70: 1000
B71: 71 | D71: =CONCATENATE(PROPER('BIÑAN INFO'!$G71),", ",PROPER('BIÑAN INFO'!$E71)," ",PROPER('BIÑAN INFO'!$F71),"."," (",UPPER('BIÑAN INFO'!$H71),")") -> , . () | I71: 0.12 | J71: 1000
B72: 72 | D72: =CONCATENATE(PROPER('BIÑAN INFO'!$G72),", ",PROPER('BIÑAN INFO'!$E72)," ",PROPER('BIÑAN INFO'!$F72),"."," (",UPPER('BIÑAN INFO'!$H72),")") -> , . () | I72: 0.12 | J72: 1000
B73: 73 | D73: =CONCATENATE(PROPER('BIÑAN INFO'!$G73),", ",PROPER('BIÑAN INFO'!$E73)," ",PROPER('BIÑAN INFO'!$F73),"."," (",UPPER('BIÑAN INFO'!$H73),")") -> , . () | I73: 0.12 | J73: 1000
B74: 74 | D74: =CONCATENATE(PROPER('BIÑAN INFO'!$G74),", ",PROPER('BIÑAN INFO'!$E74)," ",PROPER('BIÑAN INFO'!$F74),"."," (",UPPER('BIÑAN INFO'!$H74),")") -> Calderon, Maureen . () | E74: MAUREEN | G74: CALDERON | I74: 0.05 | J74: 1000 | K74: DTI | L74: FEBRUARY | M74: 2022
B75: 75 | D75: =CONCATENATE(PROPER('BIÑAN INFO'!$G75),", ",PROPER('BIÑAN INFO'!$E75)," ",PROPER('BIÑAN INFO'!$F75),"."," (",UPPER('BIÑAN INFO'!$H75),")") -> , . () | I75: 0.12 | J75: 1000
B76: 76 | D76: =CONCATENATE(PROPER('BIÑAN INFO'!$G76),", ",PROPER('BIÑAN INFO'!$E76)," ",PROPER('BIÑAN INFO'!$F76),"."," (",UPPER('BIÑAN INFO'!$H76),")") -> , . () | I76: 0.12 | J76: 1000
B77: 77 | D77: =CONCATENATE(PROPER('BIÑAN INFO'!$G77),", ",PROPER('BIÑAN INFO'!$E77)," ",PROPER('BIÑAN INFO'!$F77),"."," (",UPPER('BIÑAN INFO'!$H77),")") -> Balagtas, Alex . () | E77: ALEX | G77: BALAGTAS | I77: 0.12 | J77: 1000
B78: 78 | D78: =CONCATENATE(PROPER('BIÑAN INFO'!$G78),", ",PROPER('BIÑAN INFO'!$E78)," ",PROPER('BIÑAN INFO'!$F78),"."," (",UPPER('BIÑAN INFO'!$H78),")") -> , . () | I78: 0.12 | J78: 1000
B79: 79 | D79: =CONCATENATE(PROPER('BIÑAN INFO'!$G79),", ",PROPER('BIÑAN INFO'!$E79)," ",PROPER('BIÑAN INFO'!$F79),"."," (",UPPER('BIÑAN INFO'!$H79),")") -> , . () | I79: 0.12 | J79: 1000
B80: 80 | D80: =CONCATENATE(PROPER('BIÑAN INFO'!$G80),", ",PROPER('BIÑAN INFO'!$E80)," ",PROPER('BIÑAN INFO'!$F80),"."," (",UPPER('BIÑAN INFO'!$H80),")") -> , . () | I80: 0.12 | J80: 1000
B81: 81 | D81: =CONCATENATE(PROPER('BIÑAN INFO'!$G81),", ",PROPER('BIÑAN INFO'!$E81)," ",PROPER('BIÑAN INFO'!$F81),"."," (",UPPER('BIÑAN INFO'!$H81),")") -> , . () | I81: 0.12 | J81: 1000
B82: 82 | D82: =CONCATENATE(PROPER('BIÑAN INFO'!$G82),", ",PROPER('BIÑAN INFO'!$E82)," ",PROPER('BIÑAN INFO'!$F82),"."," (",UPPER('BIÑAN INFO'!$H82),")") -> , . () | I82: 0.12 | J82: 1000
B83: 83 | D83: =CONCATENATE(PROPER('BIÑAN INFO'!$G83),", ",PROPER('BIÑAN INFO'!$E83)," ",PROPER('BIÑAN INFO'!$F83),"."," (",UPPER('BIÑAN INFO'!$H83),")") -> , . () | I83: 0.12 | J83: 1000
B84: 84 | D84: =CONCATENATE(PROPER('BIÑAN INFO'!$G84),", ",PROPER('BIÑAN INFO'!$E84)," ",PROPER('BIÑAN INFO'!$F84),"."," (",UPPER('BIÑAN INFO'!$H84),")") -> Amorin, Marivic . () | E84: MARIVIC | G84: AMORIN | I84: 0.12 | J84: 1000
B85: 85 | D85: =CONCATENATE(PROPER('BIÑAN INFO'!$G85),", ",PROPER('BIÑAN INFO'!$E85)," ",PROPER('BIÑAN INFO'!$F85),"."," (",UPPER('BIÑAN INFO'!$H85),")") -> Borne, Ma. Leonora . () | E85: MA. LEONORA | G85: BORNE | I85: 0.12 | J85: 1000
B86: 86 | D86: =CONCATENATE(PROPER('BIÑAN INFO'!$G86),", ",PROPER('BIÑAN INFO'!$E86)," ",PROPER('BIÑAN INFO'!$F86),"."," (",UPPER('BIÑAN INFO'!$H86),")") -> Amorin, Porciana . () | E86: PORCIANA | G86: AMORIN | I86: 0.12 | J86: 1000
B87: 87 | D87: =CONCATENATE(PROPER('BIÑAN INFO'!$G87),", ",PROPER('BIÑAN INFO'!$E87)," ",PROPER('BIÑAN INFO'!$F87),"."," (",UPPER('BIÑAN INFO'!$H87),")") -> , . () | I87: 0.12 | J87: 1000
B88: 88 | D88: =CONCATENATE(PROPER('BIÑAN INFO'!$G88),", ",PROPER('BIÑAN INFO'!$E88)," ",PROPER('BIÑAN INFO'!$F88),"."," (",UPPER('BIÑAN INFO'!$H88),")") -> Ambata, Nita . () | E88: NITA | G88: AMBATA | I88: 0.05 | J88: 1000
B89: 89 | D89: =CONCATENATE(PROPER('BIÑAN INFO'!$G89),", ",PROPER('BIÑAN INFO'!$E89)," ",PROPER('BIÑAN INFO'!$F89),"."," (",UPPER('BIÑAN INFO'!$H89),")") -> , . () | I89: 0.12 | J89: 1000
B90: 90 | D90: =CONCATENATE(PROPER('BIÑAN INFO'!$G90),", ",PROPER('BIÑAN INFO'!$E90)," ",PROPER('BIÑAN INFO'!$F90),"."," (",UPPER('BIÑAN INFO'!$H90),")") -> , . () | I90: 0.12 | J90: 1000
B91: 91 | D91: =CONCATENATE(PROPER('BIÑAN INFO'!$G91),", ",PROPER('BIÑAN INFO'!$E91)," ",PROPER('BIÑAN INFO'!$F91),"."," (",UPPER('BIÑAN INFO'!$H91),")") -> , . () | I91: 0.12 | J91: 1000
B92: 92 | D92: =CONCATENATE(PROPER('BIÑAN INFO'!$G92),", ",PROPER('BIÑAN INFO'!$E92)," ",PROPER('BIÑAN INFO'!$F92),"."," (",UPPER('BIÑAN INFO'!$H92),")") -> San Pedro, Gary . () | E92: GARY | G92: SAN PEDRO | I92: 0.05 | J92: 1000 | K92: MAYORS PERMIT | L92: DEC | M92: 2017
B93: 93 | D93: =CONCATENATE(PROPER('BIÑAN INFO'!$G93),", ",PROPER('BIÑAN INFO'!$E93)," ",PROPER('BIÑAN INFO'!$F93),"."," (",UPPER('BIÑAN INFO'!$H93),")") -> , . () | I93: 0.12 | J93: 1000
B94: 94 | D94: =CONCATENATE(PROPER('BIÑAN INFO'!$G94),", ",PROPER('BIÑAN INFO'!$E94)," ",PROPER('BIÑAN INFO'!$F94),"."," (",UPPER('BIÑAN INFO'!$H94),")") -> Aldana, Edsel . () | E94: EDSEL | G94: ALDANA | I94: 0.12 | J94: 1000
B95: 95 | D95: =CONCATENATE(PROPER('BIÑAN INFO'!$G95),", ",PROPER('BIÑAN INFO'!$E95)," ",PROPER('BIÑAN INFO'!$F95),"."," (",UPPER('BIÑAN INFO'!$H95),")") -> , . () | I95: 0.12 | J95: 1000
B96: 96 | D96: =CONCATENATE(PROPER('BIÑAN INFO'!$G96),", ",PROPER('BIÑAN INFO'!$E96)," ",PROPER('BIÑAN INFO'!$F96),"."," (",UPPER('BIÑAN INFO'!$H96),")") -> Palomares, Jirah . () | E96: JIRAH | G96: PALOMARES | I96: 0.12 | J96: 1000
B97: 97 | D97: =CONCATENATE(PROPER('BIÑAN INFO'!$G97),", ",PROPER('BIÑAN INFO'!$E97)," ",PROPER('BIÑAN INFO'!$F97),"."," (",UPPER('BIÑAN INFO'!$H97),")") -> , . () | I97: 0.12 | J97: 1000
B98: 98 | D98: =CONCATENATE(PROPER('BIÑAN INFO'!$G98),", ",PROPER('BIÑAN INFO'!$E98)," ",PROPER('BIÑAN INFO'!$F98),"."," (",UPPER('BIÑAN INFO'!$H98),")") -> , . () | I98: 0.12 | J98: 1000
B99: 99 | D99: =CONCATENATE(PROPER('BIÑAN INFO'!$G99),", ",PROPER('BIÑAN INFO'!$E99)," ",PROPER('BIÑAN INFO'!$F99),"."," (",UPPER('BIÑAN INFO'!$H99),")") -> , Mark . () | E99: MARK | I99: 0.05 | J99: 1000 | K99: DTI
B100: 100 | D100: =CONCATENATE(PROPER('BIÑAN INFO'!$G100),", ",PROPER('BIÑAN INFO'!$E100)," ",PROPER('BIÑAN INFO'!$F100),"."," (",UPPER('BIÑAN INFO'!$H100),")") -> Nagutom, Valerio . () | E100: VALERIO | G100: NAGUTOM | I100: 0.05 | J100: 1000 | K100: DTI
...

Sheet DASMA INFO
A1: BIDDER NUMBER | D1: BIDDER INFORMATION | I1: 0.05 | J1: REGISTRATION
A2: PALA-PALA BRANCH | B2: BIÑAN BRANCH | C2: BACOOR BRANCH | D2: FULL NAME | E2: FIRST NAME | F2: MIDDLE NAME | G2: LAST NAME | H2: INITIALS / OTHERS | I2: 12% | J2: FEE | K2: DOCUMENTS SUBMITTED | L2: MONTH | M2: EXPIRED DATE | N2: REMARKS
A3: 0 | D3: =CONCATENATE(PROPER('DASMA INFO'!$G3),", ",PROPER('DASMA INFO'!$E3)," ",PROPER('DASMA INFO'!$F3),"."," (",UPPER('DASMA INFO'!$H3),")") -> Ren A Mark, Dasma Branch. () | E3: DASMA | F3: BRANCH | G3: REN A MARK
A4: 1 | D4: =CONCATENATE(PROPER('DASMA INFO'!$G4),", ",PROPER('DASMA INFO'!$E4)," ",PROPER('DASMA INFO'!$F4),"."," (",UPPER('DASMA INFO'!$H4),")") -> Mesina, Emmanuel A. () | E4: EMMANUEL | F4: A | G4: MESINA | I4: 0.05 | J4: 1000 | K4: DRIVER'S LICENSE ID, OTHER ID
A5: 2 | D5: =CONCATENATE(PROPER('DASMA INFO'!$G5),", ",PROPER('DASMA INFO'!$E5)," ",PROPER('DASMA INFO'!$F5),"."," (",UPPER('DASMA INFO'!$H5),")") -> Saladar, Nido . () | E5: NIDO | G5: SALADAR | I5: 0.05 | J5: 1000
A6: 3 | D6: =CONCATENATE(PROPER('DASMA INFO'!$G6),", ",PROPER('DASMA INFO'!$E6)," ",PROPER('DASMA INFO'!$F6),"."," (",UPPER('DASMA INFO'!$H6),")") -> Alcuaran, Pablito . () | E6: PABLITO | G6: ALCUARAN | I6: 0.05 | J6: 1000
A7: 7 | D7: =CONCATENATE(PROPER('DASMA INFO'!$G7),", ",PROPER('DASMA INFO'!$E7)," ",PROPER('DASMA INFO'!$F7),"."," (",UPPER('DASMA INFO'!$H7),")") -> Bermundo, Leandro Jivan C. () | E7: LEANDRO JIVAN | F7: C | G7: BERMUNDO | I7: 0.05 | J7: 1000 | K7: VOTER'S ID
A8: 8 | D8: =CONCATENATE(PROPER('DASMA INFO'!$G8),", ",PROPER('DASMA INFO'!$E8)," ",PROPER('DASMA INFO'!$F8),"."," (",UPPER('DASMA INFO'!$H8),")") -> Pastorpide, Yolanda S. () | E8: YOLANDA | F8: S | G8: PASTORPIDE | I8: 0.05 | J8: 1000 | K8: UNIFIED MULTI-PURPOSE ID
A9: 9 | D9: =CONCATENATE(PROPER('DASMA INFO'!$G9),", ",PROPER('DASMA INFO'!$E9)," ",PROPER('DASMA INFO'!$F9),"."," (",UPPER('DASMA INFO'!$H9),")") -> Mabansag, Jennifer . () | E9: JENNIFER | G9: MABANSAG | I9: 0.05 | J9: 1000
A10: 10 | D10: =CONCATENATE(PROPER('DASMA INFO'!$G10),", ",PROPER('DASMA INFO'!$E10)," ",PROPER('DASMA INFO'!$F10),"."," (",UPPER('DASMA INFO'!$H10),")") -> Ogang, Ester . () | E10: ESTER | G10: OGANG | I10: 0.05 | J10: 1000
A11: 11 | D11: =CONCATENATE(PROPER('DASMA INFO'!$G11),", ",PROPER('DASMA INFO'!$E11)," ",PROPER('DASMA INFO'!$F11),"."," (",UPPER('DASMA INFO'!$H11),")") -> Bermudo, Lenny S. () | E11: LENNY | F11: S | G11: BERMUDO | I11: 0.05 | J11: 1000 | K11: DRIVER'S LICENSE ID
A12: 12 | D12: =CONCATENATE(PROPER('DASMA INFO'!$G12),", ",PROPER('DASMA INFO'!$E12)," ",PROPER('DASMA INFO'!$F12),"."," (",UPPER('DASMA INFO'!$H12),")") -> Cruz, Norlyn . () | E12: NORLYN | G12: CRUZ | I12: 0.05 | J12: 1000
A13: 13 | D13: =CONCATENATE(PROPER('DASMA INFO'!$G13),", ",PROPER('DASMA INFO'!$E13)," ",PROPER('DASMA INFO'!$F13),"."," (",UPPER('DASMA INFO'!$H13),")") -> Conde, Jennelyn . () | E13: JENNELYN | G13: CONDE | I13: 0.05 | J13: 1000
A14: 14 | D14: =CONCATENATE(PROPER('DASMA INFO'!$G14),", ",PROPER('DASMA INFO'!$E14)," ",PROPER('DASMA INFO'!$F14),"."," (",UPPER('DASMA INFO'!$H14),")") -> Vianzon, Laurice . () | E14: LAURICE | G14: VIANZON | I14: 0.05 | J14: 1000
A15: 15 | D15: =CONCATENATE(PROPER('DASMA INFO'!$G15),", ",PROPER('DASMA INFO'!$E15)," ",PROPER('DASMA INFO'!$F15),"."," (",UPPER('DASMA INFO'!$H15),")") -> Ting, Alberto . () | E15: ALBERTO | G15: TING | I15: 0.05 | J15: 1000
A16: 16 | D16: =CONCATENATE(PROPER('DASMA INFO'!$G16),", ",PROPER('DASMA INFO'!$E16)," ",PROPER('DASMA INFO'!$F16),"."," (",UPPER('DASMA INFO'!$H16),")") -> Alberto, Shiela . () | E16: SHIELA | G16: ALBERTO | I16: 0.05 | J16: 1000
A17: 17 | D17: =CONCATENATE(PROPER('DASMA INFO'!$G17),", ",PROPER('DASMA INFO'!$E17)," ",PROPER('DASMA INFO'!$F17),"."," (",UPPER('DASMA INFO'!$H17),")") -> Liliman, Lutgarda . () | E17: LUTGARDA | G17: LILIMAN | I17: 0.05 | J17: 1000
A18: 18 | D18: =CONCATENATE(PROPER('DASMA INFO'!$G18),", ",PROPER('DASMA INFO'!$E18)," ",PROPER('DASMA INFO'!$F18),"."," (",UPPER('DASMA INFO'!$H18),")") -> Conde, Rommel . () | E18: ROMMEL | G18: CONDE | I18: 0.05 | J18: 1000
A19: 19 | D19: =CONCATENATE(PROPER('DASMA INFO'!$G19),", ",PROPER('DASMA INFO'!$E19)," ",PROPER('DASMA INFO'!$F19),"."," (",UPPER('DASMA INFO'!$H19),")") -> Hidalgo, Rodolfo P. () | E19: RODOLFO | F19: P | G19: HIDALGO | I19: 0.05 | J19: 1000
A20: 20 | D20: =CONCATENATE(PROPER('DASMA INFO'!$G20),", ",PROPER('DASMA INFO'!$E20)," ",PROPER('DASMA INFO'!$F20),"."," (",UPPER('DASMA INFO'!$H20),")") -> Mata, Esteve . () | E20: ESTEVE | G20: MATA | I20: 0.05 | J20: 1000
A21: 21 | D21: =CONCATENATE(PROPER('DASMA INFO'!$G21),", ",PROPER('DASMA INFO'!$E21)," ",PROPER('DASMA INFO'!$F21),"."," (",UPPER('DASMA INFO'!$H21),")") -> Pandiño, Jocelyn . () | E21: JOCELYN | G21: PANDIÑO | I21: 0.05 | J21: 1000
A22: 22 | D22: =CONCATENATE(PROPER('DASMA INFO'!$G22),", ",PROPER('DASMA INFO'!$E22)," ",PROPER('DASMA INFO'!$F22),"."," (",UPPER('DASMA INFO'!$H22),")") -> Canaynay, Joy . () | E22: JOY | G22: CANAYNAY | I22: 0.05 | J22: 1000
A23: 23 | D23: =CONCATENATE(PROPER('DASMA INFO'!$G23),", ",PROPER('DASMA INFO'!$E23)," ",PROPER('DASMA INFO'!$F23),"."," (",UPPER('DASMA INFO'!$H23),")") -> Mabansag, Elizabeth . () | E23: ELIZABETH | G23: MABANSAG | I23: 0.05 | J23: 1000
A24: 24 | D24: =CONCATENATE(PROPER('DASMA INFO'!$G24),", ",PROPER('DASMA INFO'!$E24)," ",PROPER('DASMA INFO'!$F24),"."," (",UPPER('DASMA INFO'!$H24),")") -> Fornal, Jenefer . () | E24: JENEFER | G24: FORNAL | I24: 0.05 | J24: 1000 | K24: SSS ID, TIN ID
A25: 25 | D25: =CONCATENATE(PROPER('DASMA INFO'!$G25),", ",PROPER('DASMA INFO'!$E25)," ",PROPER('DASMA INFO'!$F25),"."," (",UPPER('DASMA INFO'!$H25),")") -> Cruz, Jennifer . () | E25: JENNIFER | G25: CRUZ | I25: 0.05 | J25: 1000
A26: 26 | D26: =CONCATENATE(PROPER('DASMA INFO'!$G26),", ",PROPER('DASMA INFO'!$E26)," ",PROPER('DASMA INFO'!$F26),"."," (",UPPER('DASMA INFO'!$H26),")") -> Benjamin, Jentaban . () | E26: JENTABAN | G26: BENJAMIN | I26: 0.05 | J26: 1000
A27: 27 | D27: =CONCATENATE(PROPER('DASMA INFO'!$G27),", ",PROPER('DASMA INFO'!$E27)," ",PROPER('DASMA INFO'!$F27),"."," (",UPPER('DASMA INFO'!$H27),")") -> Topacio, Birgita . () | E27: BIRGITA | G27: TOPACIO | I27: 0.05 | J27: 1000
A28: 28 | D28: =CONCATENATE(PROPER('DASMA INFO'!$G28),", ",PROPER('DASMA INFO'!$E28)," ",PROPER('DASMA INFO'!$F28),"."," (",UPPER('DASMA INFO'!$H28),")") -> Jentabal, Benjamin . () | E28: BENJAMIN | G28: JENTABAL | I28: 0.05 | J28: 1000
A29: 29 | D29: =CONCATENATE(PROPER('DASMA INFO'!$G29),", ",PROPER('DASMA INFO'!$E29)," ",PROPER('DASMA INFO'!$F29),"."," (",UPPER('DASMA INFO'!$H29),")") -> Cruz, Rolly B. () | E29: ROLLY | F29: B | G29: CRUZ | I29: 0.05 | J29: 2000 | K29: DRIVER'S LICENSE ID
A30: 30 | D30: =CONCATENATE(PROPER('DASMA INFO'!$G30),", ",PROPER('DASMA INFO'!$E30)," ",PROPER('DASMA INFO'!$F30),"."," (",UPPER('DASMA INFO'!$H30),")") -> Abella, Adolfo . () | E30: ADOLFO | G30: ABELLA | I30: 0.05 | J30: 1000
A31: 31 | D31: =CONCATENATE(PROPER('DASMA INFO'!$G31),", ",PROPER('DASMA INFO'!$E31)," ",PROPER('DASMA INFO'!$F31),"."," (",UPPER('DASMA INFO'!$H31),")") -> Mabansag, Lito . () | E31: LITO | G31: MABANSAG | I31: 0.05 | J31: 1000
A32: 32 | D32: =CONCATENATE(PROPER('DASMA INFO'!$G32),", ",PROPER('DASMA INFO'!$E32)," ",PROPER('DASMA INFO'!$F32),"."," (",UPPER('DASMA INFO'!$H32),")") -> Curioso, Emerson . () | E32: EMERSON | G32: CURIOSO | I32: 0.05 | J32: 1000
A33: 33 | D33: =CONCATENATE(PROPER('DASMA INFO'!$G33),", ",PROPER('DASMA INFO'!$E33)," ",PROPER('DASMA INFO'!$F33),"."," (",UPPER('DASMA INFO'!$H33),")") -> Ignacio, Sharon . () | E33: SHARON | G33: IGNACIO | I33: 0.05 | J33: 1000
A34: 34 | D34: =CONCATENATE(PROPER('DASMA INFO'!$G34),", ",PROPER('DASMA INFO'!$E34)," ",PROPER('DASMA INFO'!$F34),"."," (",UPPER('DASMA INFO'!$H34),")") -> Ibanez, Julie . () | E34: JULIE | G34: IBANEZ | I34: 0.05 | J34: 1000
A35: 35 | D35: =CONCATENATE(PROPER('DASMA INFO'!$G35),", ",PROPER('DASMA INFO'!$E35)," ",PROPER('DASMA INFO'!$F35),"."," (",UPPER('DASMA INFO'!$H35),")") -> Cheng, Alberto . () | E35: ALBERTO | G35: CHENG | I35: 0.05 | J35: 1000
A36: 36 | D36: =CONCATENATE(PROPER('DASMA INFO'!$G36),", ",PROPER('DASMA INFO'!$E36)," ",PROPER('DASMA INFO'!$F36),"."," (",UPPER('DASMA INFO'!$H36),")") -> Capili, Nenita . () | E36: NENITA | G36: CAPILI | I36: 0.05 | J36: 1000
A37: 37 | D37: =CONCATENATE(PROPER('DASMA INFO'!$G37),", ",PROPER('DASMA INFO'!$E37)," ",PROPER('DASMA INFO'!$F37),"."," (",UPPER('DASMA INFO'!$H37),")") -> , . () | I37: 0.05 | J37: 1000
A38: 38 | D38: =CONCATENATE(PROPER('DASMA INFO'!$G38),", ",PROPER('DASMA INFO'!$E38)," ",PROPER('DASMA INFO'!$F38),"."," (",UPPER('DASMA INFO'!$H38),")") -> Evangelio, Annalita Velasco. () | E38: ANNALITA | F38: VELASCO | G38: EVANGELIO | I38: 0.05 | J38: 1000
A39: 39 | D39: =CONCATENATE(PROPER('DASMA INFO'!$G39),", ",PROPER('DASMA INFO'!$E39)," ",PROPER('DASMA INFO'!$F39),"."," (",UPPER('DASMA INFO'!$H39),")") -> Espinas, Amor . () | E39: AMOR | G39: ESPINAS | I39: 0.05 | J39: 1000
A40: 40 | D40: =CONCATENATE(PROPER('DASMA INFO'!$G40),", ",PROPER('DASMA INFO'!$E40)," ",PROPER('DASMA INFO'!$F40),"."," (",UPPER('DASMA INFO'!$H40),")") -> Olaes, Marvin . () | E40: MARVIN | G40: OLAES | I40: 0.05 | J40: 1000
A41: 41 | D41: =CONCATENATE(PROPER('DASMA INFO'!$G41),", ",PROPER('DASMA INFO'!$E41)," ",PROPER('DASMA INFO'!$F41),"."," (",UPPER('DASMA INFO'!$H41),")") -> , . () | I41: 0.05 | J41: 1000
A42: 42 | D42: =CONCATENATE(PROPER('DASMA INFO'!$G42),", ",PROPER('DASMA INFO'!$E42)," ",PROPER('DASMA INFO'!$F42),"."," (",UPPER('DASMA INFO'!$H42),")") -> Cruzem, Armando . () | E42: ARMANDO | G42: CRUZEM | I42: 0.05 | J42: 1000
A43: 43 | D43: =CONCATENATE(PROPER('DASMA INFO'!$G43),", ",PROPER('DASMA INFO'!$E43)," ",PROPER('DASMA INFO'!$F43),"."," (",UPPER('DASMA INFO'!$H43),")") -> Presto, Mark Lloyd M. () | E43: MARK LLOYD | F43: M | G43: PRESTO | I43: 0.05 | J43: 1000 | K43: TIN ID, DRIVER'S LICENSE ID
A44: 44 | D44: =CONCATENATE(PROPER('DASMA INFO'!$G44),", ",PROPER('DASMA INFO'!$E44)," ",PROPER('DASMA INFO'!$F44),"."," (",UPPER('DASMA INFO'!$H44),")") -> Torres, Arlene . () | E44: ARLENE | G44: TORRES | I44: 0.05 | J44: 1000
A45: 45 | D45: =CONCATENATE(PROPER('DASMA INFO'!$G45),", ",PROPER('DASMA INFO'!$E45)," ",PROPER('DASMA INFO'!$F45),"."," (",UPPER('DASMA INFO'!$H45),")") -> Verano, Dante . () | E45: DANTE | G45: VERANO | I45: 0.05 | J45: 1000
A46: 46 | D46: =CONCATENATE(PROPER('DASMA INFO'!$G46),", ",PROPER('DASMA INFO'!$E46)," ",PROPER('DASMA INFO'!$F46),"."," (",UPPER('DASMA INFO'!$H46),")") -> Apuyan, Eduardo . () | E46: EDUARDO | G46: APUYAN | I46: 0.05 | J46: 1000
A47: 47 | D47: =CONCATENATE(PROPER('DASMA INFO'!$G47),", ",PROPER('DASMA INFO'!$E47)," ",PROPER('DASMA INFO'!$F47),"."," (",UPPER('DASMA INFO'!$H47),")") -> Almacen, Edwardo . () | E47: EDWARDO | G47: ALMACEN | I47: 0.05 | J47: 1000
A48: 48 | D48: =CONCATENATE(PROPER('DASMA INFO'!$G48),", ",PROPER('DASMA INFO'!$E48)," ",PROPER('DASMA INFO'!$F48),"."," (",UPPER('DASMA INFO'!$H48),")") -> Limpiada, Linda . () | E48: LINDA | G48: LIMPIADA | I48: 0.05 | J48: 1000
A49: 49 | D49: =CONCATENATE(PROPER('DASMA INFO'!$G49),", ",PROPER('DASMA INFO'!$E49)," ",PROPER('DASMA INFO'!$F49),"."," (",UPPER('DASMA INFO'!$H49),")") -> Lanugo, Efren . () | E49: EFREN | G49: LANUGO | I49: 0.05 | J49: 1000
A50: 50 | D50: =CONCATENATE(PROPER('DASMA INFO'!$G50),", ",PROPER('DASMA INFO'!$E50)," ",PROPER('DASMA INFO'!$F50),"."," (",UPPER('DASMA INFO'!$H50),")") -> Dualan, Vicar M. () | E50: VICAR | F50: M | G50: DUALAN | I50: 0.05 | J50: 1000 | K50: OTHER ID
A51: 51 | D51: =CONCATENATE(PROPER('DASMA INFO'!$G51),", ",PROPER('DASMA INFO'!$E51)," ",PROPER('DASMA INFO'!$F51),"."," (",UPPER('DASMA INFO'!$H51),")") -> Sico, Mirriam . () | E51: MIRRIAM | G51: SICO | I51: 0.05 | J51: 1000
A52: 52 | D52: =CONCATENATE(PROPER('DASMA INFO'!$G52),", ",PROPER('DASMA INFO'!$E52)," ",PROPER('DASMA INFO'!$F52),"."," (",UPPER('DASMA INFO'!$H52),")") -> Encarnado, Dexter Lee . () | E52: DEXTER LEE | G52: ENCARNADO | I52: 0.05 | J52: 1000
A53: 53 | D53: =CONCATENATE(PROPER('DASMA INFO'!$G53),", ",PROPER('DASMA INFO'!$E53)," ",PROPER('DASMA INFO'!$F53),"."," (",UPPER('DASMA INFO'!$H53),")") -> Marcelo, Mary Jane . () | E53: MARY JANE | G53: MARCELO | I53: 0.05 | J53: 1000
A54: 54 | D54: =CONCATENATE(PROPER('DASMA INFO'!$G54),", ",PROPER('DASMA INFO'!$E54)," ",PROPER('DASMA INFO'!$F54),"."," (",UPPER('DASMA INFO'!$H54),")") -> Fugoso, Lito . () | E54: LITO | G54: FUGOSO | I54: 0.05 | J54: 1000
A55: 55 | D55: =CONCATENATE(PROPER('DASMA INFO'!$G55),", ",PROPER('DASMA INFO'!$E55)," ",PROPER('DASMA INFO'!$F55),"."," (",UPPER('DASMA INFO'!$H55),")") -> Ante, Raquel . () | E55: RAQUEL | G55: ANTE | I55: 0.05 | J55: 1000
A56: 56 | D56: =CONCATENATE(PROPER('DASMA INFO'!$G56),", ",PROPER('DASMA INFO'!$E56)," ",PROPER('DASMA INFO'!$F56),"."," (",UPPER('DASMA INFO'!$H56),")") -> Divina, Annabelle . () | E56: ANNABELLE | G56: DIVINA | I56: 0.05 | J56: 1000
A57: 57 | D57: =CONCATENATE(PROPER('DASMA INFO'!$G57),", ",PROPER('DASMA INFO'!$E57)," ",PROPER('DASMA INFO'!$F57),"."," (",UPPER('DASMA INFO'!$H57),")") -> Valencia, Lito . () | E57: LITO | G57: VALENCIA | I57: 0.05 | J57: 1000
A58: 58 | D58: =CONCATENATE(PROPER('DASMA INFO'!$G58),", ",PROPER('DASMA INFO'!$E58)," ",PROPER('DASMA INFO'!$F58),"."," (",UPPER('DASMA INFO'!$H58),")") -> Aznar, Evangeline . () | E58: EVANGELINE | G58: AZNAR | I58: 0.05 | J58: 1000
A59: 59 | D59: =CONCATENATE(PROPER('DASMA INFO'!$G59),", ",PROPER('DASMA INFO'!$E59)," ",PROPER('DASMA INFO'!$F59),"."," (",UPPER('DASMA INFO'!$H59),")") -> Violago, Marius . () | E59: MARIUS | G59: VIOLAGO | I59: 0.05 | J59: 1000
A60: 60 | D60: =CONCATENATE(PROPER('DASMA INFO'!$G60),", ",PROPER('DASMA INFO'!$E60)," ",PROPER('DASMA INFO'!$F60),"."," (",UPPER('DASMA INFO'!$H60),")") -> , . () | I60: 0.05 | J60: 1000
A61: 61 | D61: =CONCATENATE(PROPER('DASMA INFO'!$G61),", ",PROPER('DASMA INFO'!$E61)," ",PROPER('DASMA INFO'!$F61),"."," (",UPPER('DASMA INFO'!$H61),")") -> Dio, Reynaldo . () | E61: REYNALDO | G61: DIO | I61: 0.05 | J61: 1000
A62: 62 | D62: =CONCATENATE(PROPER('DASMA INFO'!$G62),", ",PROPER('DASMA INFO'!$E62)," ",PROPER('DASMA INFO'!$F62),"."," (",UPPER('DASMA INFO'!$H62),")") -> , . () | I62: 0.05 | J62: 1000
A63: 63 | D63: =CONCATENATE(PROPER('DASMA INFO'!$G63),", ",PROPER('DASMA INFO'!$E63)," ",PROPER('DASMA INFO'!$F63),"."," (",UPPER('DASMA INFO'!$H63),")") -> Garcia, Frederick . () | E63: FREDERICK | G63: GARCIA | I63: 0.05 | J63: 1000
A64: 64 | D64: =CONCATENATE(PROPER('DASMA INFO'!$G64),", ",PROPER('DASMA INFO'!$E64)," ",PROPER('DASMA INFO'!$F64),"."," (",UPPER('DASMA INFO'!$H64),")") -> Sinlao, Mar . () | E64: MAR | G64: SINLAO | I64: 0.05 | J64: 1000
A65: 65 | D65: =CONCATENATE(PROPER('DASMA INFO'!$G65),", ",PROPER('DASMA INFO'!$E65)," ",PROPER('DASMA INFO'!$F65),"."," (",UPPER('DASMA INFO'!$H65),")") -> Golayan, Ma Ethel G. () | E65: MA ETHEL | F65: G | G65: GOLAYAN | I65: 0.05 | J65: 2000 | K65: DRIVER'S LICENSE ID
A66: 66 | D66: =CONCATENATE(PROPER('DASMA INFO'!$G66),", ",PROPER('DASMA INFO'!$E66)," ",PROPER('DASMA INFO'!$F66),"."," (",UPPER('DASMA INFO'!$H66),")") -> Cortez, Buanafe . () | E66: BUANAFE | G66: CORTEZ | I66: 0.05 | J66: 1000
A67: 67 | D67: =CONCATENATE(PROPER('DASMA INFO'!$G67),", ",PROPER('DASMA INFO'!$E67)," ",PROPER('DASMA INFO'!$F67),"."," (",UPPER('DASMA INFO'!$H67),")") -> Tablada, Ma. . () | E67: MA. | G67: TABLADA | I67: 0.05 | J67: 1000
A68: 68 | D68: =CONCATENATE(PROPER('DASMA INFO'!$G68),", ",PROPER('DASMA INFO'!$E68)," ",PROPER('DASMA INFO'!$F68),"."," (",UPPER('DASMA INFO'!$H68),")") -> Ignacio, Virgie . () | E68: VIRGIE | G68: IGNACIO | I68: 0.05 | J68: 1000
A69: 69 | D69: =CONCATENATE(PROPER('DASMA INFO'!$G69),", ",PROPER('DASMA INFO'!$E69)," ",PROPER('DASMA INFO'!$F69),"."," (",UPPER('DASMA INFO'!$H69),")") -> Encarnado, Dexter Lee . () | E69: DEXTER LEE | G69: ENCARNADO | I69: 0.05 | J69: 1000 | K69: PHOTOCOPY OF PASSPORT
A70: 70 | D70: =CONCATENATE(PROPER('DASMA INFO'!$G70),", ",PROPER('DASMA INFO'!$E70)," ",PROPER('DASMA INFO'!$F70),"."," (",UPPER('DASMA INFO'!$H70),")") -> Detablan, Richard . () | E70: RICHARD | G70: DETABLAN | I70: 0.05 | J70: 1000
A71: 71 | D71: =CONCATENATE(PROPER('DASMA INFO'!$G71),", ",PROPER('DASMA INFO'!$E71)," ",PROPER('DASMA INFO'!$F71),"."," (",UPPER('DASMA INFO'!$H71),")") -> Valderama, Leticia . () | E71: LETICIA | G71: VALDERAMA | I71: 0.05 | J71: 1000
A72: 72 | D72: =CONCATENATE(PROPER('DASMA INFO'!$G72),", ",PROPER('DASMA INFO'!$E72)," ",PROPER('DASMA INFO'!$F72),"."," (",UPPER('DASMA INFO'!$H72),")") -> Astillo, Felix . () | E72: FELIX | G72: ASTILLO | I72: 0.05 | J72: 1000
A73: 73 | D73: =CONCATENATE(PROPER('DASMA INFO'!$G73),", ",PROPER('DASMA INFO'!$E73)," ",PROPER('DASMA INFO'!$F73),"."," (",UPPER('DASMA INFO'!$H73),")") -> Rabino, Jade . () | E73: JADE | G73: RABINO | I73: 0.05 | J73: 1000
A74: 74 | D74: =CONCATENATE(PROPER('DASMA INFO'!$G74),", ",PROPER('DASMA INFO'!$E74)," ",PROPER('DASMA INFO'!$F74),"."," (",UPPER('DASMA INFO'!$H74),")") -> Tonggol, Mark Anthony . () | E74: MARK ANTHONY | G74: TONGGOL | I74: 0.05 | J74: 1000
A75: 75 | D75: =CONCATENATE(PROPER('DASMA INFO'!$G75),", ",PROPER('DASMA INFO'!$E75)," ",PROPER('DASMA INFO'!$F75),"."," (",UPPER('DASMA INFO'!$H75),")") -> Palalom, Rey . () | E75: REY | G75: PALALOM | I75: 0.05 | J75: 1000
A76: 76 | D76: =CONCATENATE(PROPER('DASMA INFO'!$G76),", ",PROPER('DASMA INFO'!$E76)," ",PROPER('DASMA INFO'!$F76),"."," (",UPPER('DASMA INFO'!$H76),")") -> Mabansag, Jenifer . () | E76: JENIFER | G76: MABANSAG | I76: 0.05 | J76: 1000
A77: 77 | D77: =CONCATENATE(PROPER('DASMA INFO'!$G77),", ",PROPER('DASMA INFO'!$E77)," ",PROPER('DASMA INFO'!$F77),"."," (",UPPER('DASMA INFO'!$H77),")") -> Baculpo, Roselle . () | E77: ROSELLE | G77: BACULPO | I77: 0.05 | J77: 1000
A78: 78 | D78: =CONCATENATE(PROPER('DASMA INFO'!$G78),", ",PROPER('DASMA INFO'!$E78)," ",PROPER('DASMA INFO'!$F78),"."," (",UPPER('DASMA INFO'!$H78),")") -> Villanueva, Victorina . () | E78: VICTORINA | G78: VILLANUEVA | I78: 0.05 | J78: 1000
A79: 79 | D79: =CONCATENATE(PROPER('DASMA INFO'!$G79),", ",PROPER('DASMA INFO'!$E79)," ",PROPER('DASMA INFO'!$F79),"."," (",UPPER('DASMA INFO'!$H79),")") -> Gepes, Marlyn S. () | E79: MARLYN | F79: S | G79: GEPES | I79: 0.05 | J79: 3000 | K79: SSS ID
A80: 80 | D80: =CONCATENATE(PROPER('DASMA INFO'!$G80),", ",PROPER('DASMA INFO'!$E80)," ",PROPER('DASMA INFO'!$F80),"."," (",UPPER('DASMA INFO'!$H80),")") -> Antonio, Karen . () | E80: KAREN | G80: ANTONIO | I80: 0.05 | J80: 1000
A81: 81 | D81: =CONCATENATE(PROPER('DASMA INFO'!$G81),", ",PROPER('DASMA INFO'!$E81)," ",PROPER('DASMA INFO'!$F81),"."," (",UPPER('DASMA INFO'!$H81),")") -> Baculpo, Celso . () | E81: CELSO | G81: BACULPO | I81: 0.05 | J81: 1000
A82: 82 | D82: =CONCATENATE(PROPER('DASMA INFO'!$G82),", ",PROPER('DASMA INFO'!$E82)," ",PROPER('DASMA INFO'!$F82),"."," (",UPPER('DASMA INFO'!$H82),")") -> Cerrada, Alma . () | E82: ALMA | G82: CERRADA | I82: 0.05 | J82: 1000
A83: 83 | D83: =CONCATENATE(PROPER('DASMA INFO'!$G83),", ",PROPER('DASMA INFO'!$E83)," ",PROPER('DASMA INFO'!$F83),"."," (",UPPER('DASMA INFO'!$H83),")") -> Guyamin, Rina . () | E83: RINA | G83: GUYAMIN | I83: 0.05 | J83: 1000
A84: 84 | D84: =CONCATENATE(PROPER('DASMA INFO'!$G84),", ",PROPER('DASMA INFO'!$E84)," ",PROPER('DASMA INFO'!$F84),"."," (",UPPER('DASMA INFO'!$H84),")") -> Pontejos, Merlyn . () | E84: MERLYN | G84: PONTEJOS | I84: 0.05 | J84: 1000
A85: 85 | D85: =CONCATENATE(PROPER('DASMA INFO'!$G85),", ",PROPER('DASMA INFO'!$E85)," ",PROPER('DASMA INFO'!$F85),"."," (",UPPER('DASMA INFO'!$H85),")") -> Fornal, Mark . () | E85: MARK | G85: FORNAL | I85: 0.05 | J85: 1000
A86: 86 | D86: =CONCATENATE(PROPER('DASMA INFO'!$G86),", ",PROPER('DASMA INFO'!$E86)," ",PROPER('DASMA INFO'!$F86),"."," (",UPPER('DASMA INFO'!$H86),")") -> Hernandez, Bayani . () | E86: BAYANI | G86: HERNANDEZ | I86: 0.05 | J86: 1000
A87: 87 | D87: =CONCATENATE(PROPER('DASMA INFO'!$G87),", ",PROPER('DASMA INFO'!$E87)," ",PROPER('DASMA INFO'!$F87),"."," (",UPPER('DASMA INFO'!$H87),")") -> Aylen, Sekine . () | E87: SEKINE | G87: AYLEN | I87: 0.05 | J87: 1000
A88: 88 | D88: =CONCATENATE(PROPER('DASMA INFO'!$G88),", ",PROPER('DASMA INFO'!$E88)," ",PROPER('DASMA INFO'!$F88),"."," (",UPPER('DASMA INFO'!$H88),")") -> Capuno, Lucita C. () | E88: LUCITA | F88: C | G88: CAPUNO | I88: 0.05 | J88: 1000 | K88: TIN ID, OTHER ID
A89: 89 | D89: =CONCATENATE(PROPER('DASMA INFO'!$G89),", ",PROPER('DASMA INFO'!$E89)," ",PROPER('DASMA INFO'!$F89),"."," (",UPPER('DASMA INFO'!$H89),")") -> De Torres, Zineth . () | E89: ZINETH | G89: DE TORRES | I89: 0.05 | J89: 1000
A90: 90 | D90: =CONCATENATE(PROPER('DASMA INFO'!$G90),", ",PROPER('DASMA INFO'!$E90)," ",PROPER('DASMA INFO'!$F90),"."," (",UPPER('DASMA INFO'!$H90),")") -> Sapatua, Rea . () | E90: REA | G90: SAPATUA | I90: 0.05 | J90: 1000
A91: 91 | D91: =CONCATENATE(PROPER('DASMA INFO'!$G91),", ",PROPER('DASMA INFO'!$E91)," ",PROPER('DASMA INFO'!$F91),"."," (",UPPER('DASMA INFO'!$H91),")") -> Collins, Jane . () | E91: JANE | G91: COLLINS | I91: 0.05 | J91: 1000
A92: 92 | D92: =CONCATENATE(PROPER('DASMA INFO'!$G92),", ",PROPER('DASMA INFO'!$E92)," ",PROPER('DASMA INFO'!$F92),"."," (",UPPER('DASMA INFO'!$H92),")") -> Ocampo, Virgilio . () | E92: VIRGILIO | G92: OCAMPO | I92: 0.05 | J92: 1000
A93: 93 | D93: =CONCATENATE(PROPER('DASMA INFO'!$G93),", ",PROPER('DASMA INFO'!$E93)," ",PROPER('DASMA INFO'!$F93),"."," (",UPPER('DASMA INFO'!$H93),")") -> Biso, Arlene . () | E93: ARLENE | G93: BISO | I93: 0.05 | J93: 1000
A94: 94 | D94: =CONCATENATE(PROPER('DASMA INFO'!$G94),", ",PROPER('DASMA INFO'!$E94)," ",PROPER('DASMA INFO'!$F94),"."," (",UPPER('DASMA INFO'!$H94),")") -> Sta. Rosa, Ma. Chicky Lou . () | E94: MA. CHICKY LOU | G94: STA. ROSA | I94: 0.05 | J94: 1000
A95: 95 | D95: =CONCATENATE(PROPER('DASMA INFO'!$G95),", ",PROPER('DASMA INFO'!$E95)," ",PROPER('DASMA INFO'!$F95),"."," (",UPPER('DASMA INFO'!$H95),")") -> Borja, Armando D. () | E95: ARMANDO | F95: D | G95: BORJA | I95: 0.05 | J95: 1000
A96: 96 | D96: =CONCATENATE(PROPER('DASMA INFO'!$G96),", ",PROPER('DASMA INFO'!$E96)," ",PROPER('DASMA INFO'!$F96),"."," (",UPPER('DASMA INFO'!$H96),")") -> Lesagis, Ruth S. () | E96: RUTH | F96: S | G96: LESAGIS | I96: 0.05 | J96: 1000 | K96: POSTAL I.D.
A97: 97 | D97: =CONCATENATE(PROPER('DASMA INFO'!$G97),", ",PROPER('DASMA INFO'!$E97)," ",PROPER('DASMA INFO'!$F97),"."," (",UPPER('DASMA INFO'!$H97),")") -> Carreon, Ian Carlo . () | E97: IAN CARLO | G97: CARREON | I97: 0.05 | J97: 1000
A98: 98 | D98: =CONCATENATE(PROPER('DASMA INFO'!$G98),", ",PROPER('DASMA INFO'!$E98)," ",PROPER('DASMA INFO'!$F98),"."," (",UPPER('DASMA INFO'!$H98),")") -> Dela Cruz, Cristy . () | E98: CRISTY | G98: DELA CRUZ | I98: 0.05 | J98: 1000
A99: 99 | D99: =CONCATENATE(PROPER('DASMA INFO'!$G99),", ",PROPER('DASMA INFO'!$E99)," ",PROPER('DASMA INFO'!$F99),"."," (",UPPER('DASMA INFO'!$H99),")") -> Dahe, Joemar . () | E99: JOEMAR | G99: DAHE | I99: 0.05 | J99: 1000
A100: 100 | D100: =CONCATENATE(PROPER('DASMA INFO'!$G100),", ",PROPER('DASMA INFO'!$E100)," ",PROPER('DASMA INFO'!$F100),"."," (",UPPER('DASMA INFO'!$H100),")") -> Delo Santos, Tito . () | E100: TITO | G100: DELO SANTOS | I100: 0.05 | J100: 2000
...

Sheet REGISTERED BIDDERS
B1: TOTAL NUMBER OF BIDDERS | C1: TOTAL No. OF ITEMS | D1: OVERALL TOTAL PRICE | F1: OVERALL SERVICE CHARGE | G1: OVERALL REGISTRATION FEE | H1: OVERALL GRAND TOTAL | I1: OVERALL MONITORING PRICE
B2: =COUNT('REGISTERED BIDDERS'!$B$5:$B$83) -> 40 | C2: =SUM('REGISTERED BIDDERS'!$C$5:$C$83) -> 0 | D2: =SUM('REGISTERED BIDDERS'!$D$5:$D$83) -> 0 | F2: =SUM('REGISTERED BIDDERS'!$F$5:$F$83) -> 0 | G2: =SUM('REGISTERED BIDDERS'!$G$5:$G$83) -> #N/A | H2: =SUM('REGISTERED BIDDERS'!$H$5:$H$83) -> #N/A | I2: =SUM('JANUARY 10, 2026'!$G$4:$G$1189) -> 0
A4: CNT | B4: BIDDER NO. | C4: NO. OF ITEMS | D4: TOTAL PRICE | E4: PERCENT | F4: SERVICE CHARGE | G4: REGISTRATION FEE | H4: GRAND TOTAL | I4: REMARKS PAID / DATE
B5: 4 | C5: =COUNTIF('JANUARY 10, 2026'!$A$4:$A$1189,'REGISTERED BIDDERS'!$B5) -> 0 | D5: =SUMIF('JANUARY 10, 2026'!$A$4:$A$1189,'REGISTERED BIDDERS'!$B5,'JANUARY 10, 2026'!$G$4:$G$1189) -> 0 | E5: =IFERROR(LOOKUP(B5,'NEW INFO'!$A$3:$A$1779,'NEW INFO'!$H$3:$H$1779),12%) -> 0.12 | F5: =D5*E5 -> 0 | G5: =IF(B5,LOOKUP(B5,'NEW INFO'!$A$3:$A$1779,'NEW INFO'!$I$3:$I$1779),"NA") -> #N/A | H5: =IF(G5>=(F5+D5),0,F5+D5-G5) -> #N/A
B6: 224 | C6: =COUNTIF('JANUARY 10, 2026'!$A$4:$A$1189,'REGISTERED BIDDERS'!$B6) -> 0 | D6: =SUMIF('JANUARY 10, 2026'!$A$4:$A$1189,'REGISTERED BIDDERS'!$B6,'JANUARY 10, 2026'!$G$4:$G$1189) -> 0 | E6: =IFERROR(LOOKUP(B6,'NEW INFO'!$A$3:$A$1779,'NEW INFO'!$H$3:$H$1779),12%) -> 0.12 | F6: =D6*E6 -> 0 | G6: =IF(B6,LOOKUP(B6,'NEW INFO'!$A$3:$A$1779,'NEW INFO'!$I$3:$I$1779),"NA") -> #N/A | H6: =IF(G6>=(F6+D6),0,F6+D6-G6) -> #N/A
B7: 270 | C7: =COUNTIF('JANUARY 10, 2026'!$A$4:$A$1189,'REGISTERED BIDDERS'!$B7) -> 0 | D7: =SUMIF('JANUARY 10, 2026'!$A$4:$A$1189,'REGISTERED BIDDERS'!$B7,'JANUARY 10, 2026'!$G$4:$G$1189) -> 0 | E7: =IFERROR(LOOKUP(B7,'NEW INFO'!$A$3:$A$1779,'NEW INFO'!$H$3:$H$1779),12%) -> 0.12 | F7: =D7*E7 -> 0 | G7: =IF(B7,LOOKUP(B7,'NEW INFO'!$A$3:$A$1779,'NEW INFO'!$I$3:$I$1779),"NA") -> #N/A | H7: =IF(G7>=(F7+D7),0,F7+D7-G7) -> #N/A
B8: 93 | C8: =COUNTIF('JANUARY 10, 2026'!$A$4:$A$1189,'REGISTERED BIDDERS'!$B8) -> 0 | D8: =SUMIF('JANUARY 10, 2026'!$A$4:$A$1189,'REGISTERED BIDDERS'!$B8,'JANUARY 10, 2026'!$G$4:$G$1189) -> 0 | E8: =IFERROR(LOOKUP(B8,'NEW INFO'!$A$3:$A$1779,'NEW INFO'!$H$3:$H$1779),12%) -> 0.12 | F8: =D8*E8 -> 0 | G8: =IF(B8,LOOKUP(B8,'NEW INFO'!$A$3:$A$1779,'NEW INFO'!$I$3:$I$1779),"NA") -> #N/A | H8: =IF(G8>=(F8+D8),0,F8+D8-G8) -> #N/A
B9: 15 | C9: =COUNTIF('JANUARY 10, 2026'!$A$4:$A$1189,'REGISTERED BIDDERS'!$B9) -> 0 | D9: =SUMIF('JANUARY 10, 2026'!$A$4:$A$1189,'REGISTERED BIDDERS'!$B9,'JANUARY 10, 2026'!$G$4:$G$1189) -> 0 | E9: =IFERROR(LOOKUP(B9,'NEW INFO'!$A$3:$A$1779,'NEW INFO'!$H$3:$H$1779),12%) -> 0.12 | F9: =D9*E9 -> 0 | G9: =IF(B9,LOOKUP(B9,'NEW INFO'!$A$3:$A$1779,'NEW INFO'!$I$3:$I$1779),"NA") -> #N/A | H9: =IF(G9>=(F9+D9),0,F9+D9-G9) -> #N/A
B10: 39 | C10: =COUNTIF('JANUARY 10, 2026'!$A$4:$A$1189,'REGISTERED BIDDERS'!$B10) -> 0 | D10: =SUMIF('JANUARY 10, 2026'!$A$4:$A$1189,'REGISTERED BIDDERS'!$B10,'JANUARY 10, 2026'!$G$4:$G$1189) -> 0 | E10: =IFERROR(LOOKUP(B10,'NEW INFO'!$A$3:$A$1779,'NEW INFO'!$H$3:$H$1779),12%) -> 0.12 | F10: =D10*E10 -> 0 | G10: =IF(B10,LOOKUP(B10,'NEW INFO'!$A$3:$A$1779,'NEW INFO'!$I$3:$I$1779),"NA") -> #N/A | H10: =IF(G10>=(F10+D10),0,F10+D10-G10) -> #N/A
B11: 1081 | C11: =COUNTIF('JANUARY 10, 2026'!$A$4:$A$1189,'REGISTERED BIDDERS'!$B11) -> 0 | D11: =SUMIF('JANUARY 10, 2026'!$A$4:$A$1189,'REGISTERED BIDDERS'!$B11,'JANUARY 10, 2026'!$G$4:$G$1189) -> 0 | E11: =IFERROR(LOOKUP(B11,'NEW INFO'!$A$3:$A$1779,'NEW INFO'!$H$3:$H$1779),12%) -> 0.12 | F11: =D11*E11 -> 0 | G11: =IF(B11,LOOKUP(B11,'NEW INFO'!$A$3:$A$1779,'NEW INFO'!$I$3:$I$1779),"NA") -> #N/A | H11: =IF(G11>=(F11+D11),0,F11+D11-G11) -> #N/A
B12: 1378 | C12: =COUNTIF('JANUARY 10, 2026'!$A$4:$A$1189,'REGISTERED BIDDERS'!$B12) -> 0 | D12: =SUMIF('JANUARY 10, 2026'!$A$4:$A$1189,'REGISTERED BIDDERS'!$B12,'JANUARY 10, 2026'!$G$4:$G$1189) -> 0 | E12: =IFERROR(LOOKUP(B12,'NEW INFO'!$A$3:$A$1779,'NEW INFO'!$H$3:$H$1779),12%) -> 0.12 | F12: =D12*E12 -> 0 | G12: =IF(B12,LOOKUP(B12,'NEW INFO'!$A$3:$A$1779,'NEW INFO'!$I$3:$I$1779),"NA") -> #N/A | H12: =IF(G12>=(F12+D12),0,F12+D12-G12) -> #N/A
B13: 1155 | C13: =COUNTIF('JANUARY 10, 2026'!$A$4:$A$1189,'REGISTERED BIDDERS'!$B13) -> 0 | D13: =SUMIF('JANUARY 10, 2026'!$A$4:$A$1189,'REGISTERED BIDDERS'!$B13,'JANUARY 10, 2026'!$G$4:$G$1189) -> 0 | E13: =IFERROR(LOOKUP(B13,'NEW INFO'!$A$3:$A$1779,'NEW INFO'!$H$3:$H$1779),12%) -> 0.12 | F13: =D13*E13 -> 0 | G13: =IF(B13,LOOKUP(B13,'NEW INFO'!$A$3:$A$1779,'NEW INFO'!$I$3:$I$1779),"NA") -> #N/A | H13: =IF(G13>=(F13+D13),0,F13+D13-G13) -> #N/A
B14: 1101 | C14: =COUNTIF('JANUARY 10, 2026'!$A$4:$A$1189,'REGISTERED BIDDERS'!$B14) -> 0 | D14: =SUMIF('JANUARY 10, 2026'!$A$4:$A$1189,'REGISTERED BIDDERS'!$B14,'JANUARY 10, 2026'!$G$4:$G$1189) -> 0 | E14: =IFERROR(LOOKUP(B14,'NEW INFO'!$A$3:$A$1779,'NEW INFO'!$H$3:$H$1779),12%) -> 0.12 | F14: =D14*E14 -> 0 | G14: =IF(B14,LOOKUP(B14,'NEW INFO'!$A$3:$A$1779,'NEW INFO'!$I$3:$I$1779),"NA") -> #N/A | H14: =IF(G14>=(F14+D14),0,F14+D14-G14) -> #N/A
B15: 2 | C15: =COUNTIF('JANUARY 10, 2026'!$A$4:$A$1189,'REGISTERED BIDDERS'!$B15) -> 0 | D15: =SUMIF('JANUARY 10, 2026'!$A$4:$A$1189,'REGISTERED BIDDERS'!$B15,'JANUARY 10, 2026'!$G$4:$G$1189) -> 0 | E15: =IFERROR(LOOKUP(B15,'NEW INFO'!$A$3:$A$1779,'NEW INFO'!$H$3:$H$1779),12%) -> 0.12 | F15: =D15*E15 -> 0 | G15: =IF(B15,LOOKUP(B15,'NEW INFO'!$A$3:$A$1779,'NEW INFO'!$I$3:$I$1779),"NA") -> #N/A | H15: =IF(G15>=(F15+D15),0,F15+D15-G15) -> #N/A
B16: 203 | C16: =COUNTIF('JANUARY 10, 2026'!$A$4:$A$1189,'REGISTERED BIDDERS'!$B16) -> 0 | D16: =SUMIF('JANUARY 10, 2026'!$A$4:$A$1189,'REGISTERED BIDDERS'!$B16,'JANUARY 10, 2026'!$G$4:$G$1189) -> 0 | E16: =IFERROR(LOOKUP(B16,'NEW INFO'!$A$3:$A$1779,'NEW INFO'!$H$3:$H$1779),12%) -> 0.12 | F16: =D16*E16 -> 0 | G16: =IF(B16,LOOKUP(B16,'NEW INFO'!$A$3:$A$1779,'NEW INFO'!$I$3:$I$1779),"NA") -> #N/A | H16: =IF(G16>=(F16+D16),0,F16+D16-G16) -> #N/A
... B44: 1412 | C44: =COUNTIF('JANUARY 10, 2026'!$A$4:$A$1189,'REGISTERED BIDDERS'!$B44) -> 0 | D44: =SUMIF('JANUARY 10, 2026'!$A$4:$A$1189,'REGISTERED BIDDERS'!$B44,'JANUARY 10, 2026'!$G$4:$G$1189) -> 0 | E44: =IFERROR(LOOKUP(B44,'NEW INFO'!$A$3:$A$1779,'NEW INFO'!$H$3:$H$1779),12%) -> 0.12 | F44: =D44*E44 -> 0 | G44: =IF(B44,LOOKUP(B44,'NEW INFO'!$A$3:$A$1779,'NEW INFO'!$I$3:$I$1779),"NA") -> #N/A | H44: =IF(G44>=(F44+D44),0,F44+D44-G44) -> #N/A
C45: =COUNTIF('JANUARY 10, 2026'!$A$4:$A$1189,'REGISTERED BIDDERS'!$B45) -> 0 | D45: =SUMIF('JANUARY 10, 2026'!$A$4:$A$1189,'REGISTERED BIDDERS'!$B45,'JANUARY 10, 2026'!$G$4:$G$1189) -> 0 | E45: =IFERROR(LOOKUP(B45,'NEW INFO'!$A$3:$A$1779,'NEW INFO'!$H$3:$H$1779),12%) -> 0.12 | F45: =D45*E45 -> 0 | G45: =IF(B45,LOOKUP(B45,'NEW INFO'!$A$3:$A$1779,'NEW INFO'!$I$3:$I$1779),"NA") -> NA | H45: =IF(G45>=(F45+D45),0,F45+D45-G45) -> 0
C46: =COUNTIF('JANUARY 10, 2026'!$A$4:$A$1189,'REGISTERED BIDDERS'!$B46) -> 0 | D46: =SUMIF('JANUARY 10, 2026'!$A$4:$A$1189,'REGISTERED BIDDERS'!$B46,'JANUARY 10, 2026'!$G$4:$G$1189) -> 0 | E46: =IFERROR(LOOKUP(B46,'NEW INFO'!$A$3:$A$1779,'NEW INFO'!$H$3:$H$1779),12%) -> 0.12 | F46: =D46*E46 -> 0 | G46: =IF(B46,LOOKUP(B46,'NEW INFO'!$A$3:$A$1779,'NEW INFO'!$I$3:$I$1779),"NA") -> NA | H46: =IF(G46>=(F46+D46),0,F46+D46-G46) -> 0
C47: =COUNTIF('JANUARY 10, 2026'!$A$4:$A$1189,'REGISTERED BIDDERS'!$B47) -> 0 | D47: =SUMIF('JANUARY 10, 2026'!$A$4:$A$1189,'REGISTERED BIDDERS'!$B47,'JANUARY 10, 2026'!$G$4:$G$1189) -> 0 | E47: =IFERROR(LOOKUP(B47,'NEW INFO'!$A$3:$A$1779,'NEW INFO'!$H$3:$H$1779),12%) -> 0.12 | F47: =D47*E47 -> 0 | G47: =IF(B47,LOOKUP(B47,'NEW INFO'!$A$3:$A$1779,'NEW INFO'!$I$3:$I$1779),"NA") -> NA | H47: =IF(G47>=(F47+D47),0,F47+D47-G47) -> 0
C48: =COUNTIF('JANUARY 10, 2026'!$A$4:$A$1189,'REGISTERED BIDDERS'!$B48) -> 0 | D48: =SUMIF('JANUARY 10, 2026'!$A$4:$A$1189,'REGISTERED BIDDERS'!$B48,'JANUARY 10, 2026'!$G$4:$G$1189) -> 0 | E48: =IFERROR(LOOKUP(B48,'NEW INFO'!$A$3:$A$1779,'NEW INFO'!$H$3:$H$1779),12%) -> 0.12 | F48: =D48*E48 -> 0 | G48: =IF(B48,LOOKUP(B48,'NEW INFO'!$A$3:$A$1779,'NEW INFO'!$I$3:$I$1779),"NA") -> NA | H48: =IF(G48>=(F48+D48),0,F48+D48-G48) -> 0
C49: =COUNTIF('JANUARY 10, 2026'!$A$4:$A$1189,'REGISTERED BIDDERS'!$B49) -> 0 | D49: =SUMIF('JANUARY 10, 2026'!$A$4:$A$1189,'REGISTERED BIDDERS'!$B49,'JANUARY 10, 2026'!$G$4:$G$1189) -> 0 | E49: =IFERROR(LOOKUP(B49,'NEW INFO'!$A$3:$A$1779,'NEW INFO'!$H$3:$H$1779),12%) -> 0.12 | F49: =D49*E49 -> 0 | G49: =IF(B49,LOOKUP(B49,'NEW INFO'!$A$3:$A$1779,'NEW INFO'!$I$3:$I$1779),"NA") -> NA | H49: =IF(G49>=(F49+D49),0,F49+D49-G49) -> 0
C50: =COUNTIF('JANUARY 10, 2026'!$A$4:$A$1189,'REGISTERED BIDDERS'!$B50) -> 0 | D50: =SUMIF('JANUARY 10, 2026'!$A$4:$A$1189,'REGISTERED BIDDERS'!$B50,'JANUARY 10, 2026'!$G$4:$G$1189) -> 0 | E50: =IFERROR(LOOKUP(B50,'NEW INFO'!$A$3:$A$1779,'NEW INFO'!$H$3:$H$1779),12%) -> 0.12 | F50: =D50*E50 -> 0 | G50: =IF(B50,LOOKUP(B50,'NEW INFO'!$A$3:$A$1779,'NEW INFO'!$I$3:$I$1779),"NA") -> NA | H50: =IF(G50>=(F50+D50),0,F50+D50-G50) -> 0
C51: =COUNTIF('JANUARY 10, 2026'!$A$4:$A$1189,'REGISTERED BIDDERS'!$B51) -> 0 | D51: =SUMIF('JANUARY 10, 2026'!$A$4:$A$1189,'REGISTERED BIDDERS'!$B51,'JANUARY 10, 2026'!$G$4:$G$1189) -> 0 | E51: =IFERROR(LOOKUP(B51,'NEW INFO'!$A$3:$A$1779,'NEW INFO'!$H$3:$H$1779),12%) -> 0.12 | F51: =D51*E51 -> 0 | G51: =IF(B51,LOOKUP(B51,'NEW INFO'!$A$3:$A$1779,'NEW INFO'!$I$3:$I$1779),"NA") -> NA | H51: =IF(G51>=(F51+D51),0,F51+D51-G51) -> 0
C52: =COUNTIF('JANUARY 10, 2026'!$A$4:$A$1189,'REGISTERED BIDDERS'!$B52) -> 0 | D52: =SUMIF('JANUARY 10, 2026'!$A$4:$A$1189,'REGISTERED BIDDERS'!$B52,'JANUARY 10, 2026'!$G$4:$G$1189) -> 0 | E52: =IFERROR(LOOKUP(B52,'NEW INFO'!$A$3:$A$1779,'NEW INFO'!$H$3:$H$1779),12%) -> 0.12 | F52: =D52*E52 -> 0 | G52: =IF(B52,LOOKUP(B52,'NEW INFO'!$A$3:$A$1779,'NEW INFO'!$I$3:$I$1779),"NA") -> NA | H52: =IF(G52>=(F52+D52),0,F52+D52-G52) -> 0
C53: =COUNTIF('JANUARY 10, 2026'!$A$4:$A$1189,'REGISTERED BIDDERS'!$B53) -> 0 | D53: =SUMIF('JANUARY 10, 2026'!$A$4:$A$1189,'REGISTERED BIDDERS'!$B53,'JANUARY 10, 2026'!$G$4:$G$1189) -> 0 | E53: =IFERROR(LOOKUP(B53,'NEW INFO'!$A$3:$A$1779,'NEW INFO'!$H$3:$H$1779),12%) -> 0.12 | F53: =D53*E53 -> 0 | G53: =IF(B53,LOOKUP(B53,'NEW INFO'!$A$3:$A$1779,'NEW INFO'!$I$3:$I$1779),"NA") -> NA | H53: =IF(G53>=(F53+D53),0,F53+D53-G53) -> 0
C54: =COUNTIF('JANUARY 10, 2026'!$A$4:$A$1189,'REGISTERED BIDDERS'!$B54) -> 0 | D54: =SUMIF('JANUARY 10, 2026'!$A$4:$A$1189,'REGISTERED BIDDERS'!$B54,'JANUARY 10, 2026'!$G$4:$G$1189) -> 0 | E54: =IFERROR(LOOKUP(B54,'NEW INFO'!$A$3:$A$1779,'NEW INFO'!$H$3:$H$1779),12%) -> 0.12 | F54: =D54*E54 -> 0 | G54: =IF(B54,LOOKUP(B54,'NEW INFO'!$A$3:$A$1779,'NEW INFO'!$I$3:$I$1779),"NA") -> NA | H54: =IF(G54>=(F54+D54),0,F54+D54-G54) -> 0
C55: =COUNTIF('JANUARY 10, 2026'!$A$4:$A$1189,'REGISTERED BIDDERS'!$B55) -> 0 | D55: =SUMIF('JANUARY 10, 2026'!$A$4:$A$1189,'REGISTERED BIDDERS'!$B55,'JANUARY 10, 2026'!$G$4:$G$1189) -> 0 | E55: =IFERROR(LOOKUP(B55,'NEW INFO'!$A$3:$A$1779,'NEW INFO'!$H$3:$H$1779),12%) -> 0.12 | F55: =D55*E55 -> 0 | G55: =IF(B55,LOOKUP(B55,'NEW INFO'!$A$3:$A$1779,'NEW INFO'!$I$3:$I$1779),"NA") -> NA | H55: =IF(G55>=(F55+D55),0,F55+D55-G55) -> 0
C56: =COUNTIF('JANUARY 10, 2026'!$A$4:$A$1189,'REGISTERED BIDDERS'!$B56) -> 0 | D56: =SUMIF('JANUARY 10, 2026'!$A$4:$A$1189,'REGISTERED BIDDERS'!$B56,'JANUARY 10, 2026'!$G$4:$G$1189) -> 0 | E56: =IFERROR(LOOKUP(B56,'NEW INFO'!$A$3:$A$1779,'NEW INFO'!$H$3:$H$1779),12%) -> 0.12 | F56: =D56*E56 -> 0 | G56: =IF(B56,LOOKUP(B56,'NEW INFO'!$A$3:$A$1779,'NEW INFO'!$I$3:$I$1779),"NA") -> NA | H56: =IF(G56>=(F56+D56),0,F56+D56-G56) -> 0
... C83: =COUNTIF('JANUARY 10, 2026'!$A$4:$A$1189,'REGISTERED BIDDERS'!$B83) -> 0 | D83: =SUMIF('JANUARY 10, 2026'!$A$4:$A$1189,'REGISTERED BIDDERS'!$B83,'JANUARY 10, 2026'!$G$4:$G$1189) -> 0 | E83: =IFERROR(LOOKUP(B83,'NEW INFO'!$A$3:$A$1779,'NEW INFO'!$H$3:$H$1779),12%) -> 0.12 | F83: =D83*E83 -> 0 | G83: =IF(B83,LOOKUP(B83,'NEW INFO'!$A$3:$A$1779,'NEW INFO'!$I$3:$I$1779),"NA") -> NA | H83: =IF(G83>=(F83+D83),0,F83+D83-G83) -> 0

Sheet 5%
A1: BIDDER # 5% | B1: Column1 | C1: REMARKS
A2: 692 | B2: 0.05
A3: 694 | B3: 0.05
A4: 697 | B4: 0.05 | C4: DTI
A5: 698 | B5: 0.05
A6: 700 | B6: 0.05
A7: 703 | B7: 0.05
A8: 728 | B8: 0.05
A9: 732 | B9: 0.05
A10: 733 | B10: 0.05
A11: 734 | B11: 0.05
A12: 747 | B12: 0.05
A13: 749 | B13: 0.05
A14: 753 | B14: 0.05
A15: 755 | B15: 0.05
A16: 761 | B16: 0.05
... A20: 786 | B20: 0.05
A21: 788 | B21: 0.05 | C21: DTI 08-18-2016
A22: 800 | B22: 0.05
A23: 808 | B23: 0.05
A24: 820 | B24: 0.05
A25: 824 | B25: 0.05
A26: 825 | B26: 0.05
A27: 830 | B27: 0.05
A28: 846 | B28: 0.05
A29: 852 | B29: 0.05
A30: 853 | B30: 0.05
A31: 860 | B31: 0.05
A32: 865 | B32: 0.05
A33: 866 | B33: 0.05
... A70: 1053 | B70: 0.05
A71: 1054 | B71: 0.05 | C71: APPROVED BY TITA EMIE 04-14-16
A72: 1061 | B72: 0.05
A73: 1068 | B73: 0.05
A74: 1071 | B74: 0.05
A75: 1074 | B75: 0.05
A76: 1077 | B76: 0.05
A77: 1086 | B77: 0.05
A78: 1109 | B78: 0.05
A79: 1112 | B79: 0.05
A80: 1119 | B80: 0.05
A81: 1125 | B81: 0.05
A82: 1127 | B82: 0.05
A83: 1131 | B83: 0.05
... A110: 1229 | B110: 0.05
A111: 1230 | B111: 0.05 | C111: DTI 07-28-2016
A112: 1234 | B112: 0.05
A113: 1235 | B113: 0.05
A114: 1236 | B114: 0.05
A115: 1237 | B115: 0.05
A116: 1238 | B116: 0.05
A117: 1239 | B117: 0.05
A118: 1240 | B118: 0.05
A119: 1243 | B119: 0.05
A120: 1244 | B120: 0.05
A121: 1245 | B121: 0.05
A122: 1269 | B122: 0.05
A123: 1270 | B123: 0.05
... A125: 1279 | B125: 0.05
A126: 1282 | B126: 0.05 | C126: DTI 2015 - SAME BIDDER 1834
A127: 1285 | B127: 0.05
A128: 1302 | B128: 0.05
A129: 1305 | B129: 0.05
A130: 1320 | B130: 0.05
A131: 1323 | B131: 0.05 | C131: DTI 06-24-2016
A132: 1324 | B132: 0.05
A133: 1327 | B133: 0.05 | C133: DTI 11-04-2016
A134: 1332 | B134: 0.05
A135: 1343 | B135: 0.05
A136: 1346 | B136: 0.05
A137: 1351 | C137: DTI
A138: 1353 | B138: 0.05
A139: 1361 | B139: 0.05
A140: 1363 | B140: 0.05
A141: 1364 | B141: 0.05
A142: 1365 | B142: 0.05
A143: 1368 | B143: 0.05
A144: 1375 | B144: 0.05 | C144: DTI 08-25-2016
A145: 1390 | B145: 0.05
A146: 1391 | B146: 0.05 | C146: WIFE OF 1397
A147: 1393 | B147: 0.05
A148: 1396 | B148: 0.05
A149: 1397 | B149: 0.05 | C149: 1391
A150: 1398 | B150: 0.05
A151: 1402 | B151: 0.05
A152: 1404 | B152: 0.05
A153: 1411 | B153: 0.05
A154: 1413 | B154: 0.05
A155: 1414 | B155: 0.05
A156: 1417 | B156: 0.05
A157: 1418 | B157: 0.05
A158: 1427 | B158: 0.05
A159: 1440 | B159: 0.05
A160: 1441 | B160: 0.05
A161: 1443 | B161: 0.05
A162: 1447 | B162: 0.05 | C162: SUMMITTED DTI (BATANES)
A163: 1454 | B163: 0.05
A164: 1457 | B164: 0.05
A165: 1458 | B165: 0.05 | C165: DTI 06-02-2016
A166: 1463 | B166: 0.05
...
